,ds,0
0,2023-01-01,36.02048792839051
1,2023-01-02,36.089743548631674
2,2023-01-03,36.16098151803017
3,2023-01-04,36.234163856506356
4,2023-01-05,36.30924941897393
5,2023-01-06,36.38619495034219
6,2023-01-07,36.464950865507134
7,2023-01-08,36.54546757936478
8,2023-01-09,36.62769023180009
9,2023-01-10,36.711557632684716
10,2023-01-11,36.79700859189034
11,2023-01-12,36.88397769927979
12,2023-01-13,36.97239637970925
13,2023-01-14,37.06219183802605
14,2023-01-15,37.15328705906869
15,2023-01-16,37.245606082677845
16,2023-01-17,37.339064508676536
17,2023-01-18,37.43357899188996
18,2023-01-19,37.529060912132266
19,2023-01-20,37.6254205942154
20,2023-01-21,37.72256414294243
21,2023-01-22,37.82039660811425
22,2023-01-23,37.91881987452508
23,2023-01-24,38.01773266196251
24,2023-01-25,38.11703263521195
25,2023-01-26,38.21661323904992
26,2023-01-27,38.31637108325959
27,2023-01-28,38.416193282604226
28,2023-01-29,38.51597117185593
29,2023-01-30,38.615590810775764
30,2023-01-31,38.714941424131396
31,2023-02-01,38.81390485167504
32,2023-02-02,38.91236715316773
33,2023-02-03,39.010207003355035
34,2023-02-04,39.10731046199799
35,2023-02-05,39.20355620384217
36,2023-02-06,39.29882290363312
37,2023-02-07,39.39299240112305
38,2023-02-08,39.48594020605088
39,2023-02-09,39.577548158168796
40,2023-02-10,39.667694932222375
41,2023-02-11,39.756258147954945
42,2023-02-12,39.843117535114295
43,2023-02-13,39.92815071344376
44,2023-02-14,40.01123952269555
45,2023-02-15,40.09226263761521
46,2023-02-16,40.171102952957156
47,2023-02-17,40.247639143466955
48,2023-02-18,40.32175726890564
49,2023-02-19,40.39334233403206
50,2023-02-20,40.462277233600624
51,2023-02-21,40.52845224738122
52,2023-02-22,40.59175343513489
53,2023-02-23,40.652072131633766
54,2023-02-24,40.709302836656576
55,2023-02-25,40.76333793997765
56,2023-02-26,40.81407299637795
57,2023-02-27,40.86141200065613
58,2023-02-28,40.9052536725998
59,2023-03-01,40.94549989700318
60,2023-03-02,40.98206310868264
61,2023-03-03,41.01484835743905
62,2023-03-04,41.04377124309541
63,2023-03-05,41.06874525547028
64,2023-03-06,41.08969021439553
65,2023-03-07,41.10652910470963
66,2023-03-08,41.1191870212555
67,2023-03-09,41.127593278884895
68,2023-03-10,41.13168035745621
69,2023-03-11,41.13138601183892
70,2023-03-12,41.126650106906894
71,2023-03-13,41.11741567254067
72,2023-03-14,41.10363206863404
73,2023-03-15,41.08525076508523
74,2023-03-16,41.06222850680352
75,2023-03-17,41.03452414870263
76,2023-03-18,41.00210709571839
77,2023-03-19,40.96494253277779
78,2023-03-20,40.92300513982774
79,2023-03-21,40.87627170681954
80,2023-03-22,40.82472746372223
81,2023-03-23,40.768357640504846
82,2023-03-24,40.70715274214745
83,2023-03-25,40.641107493639
84,2023-03-26,40.570227169990545
85,2023-03-27,40.494513881206515
86,2023-03-28,40.41397817730904
87,2023-03-29,40.3286358833313
88,2023-03-30,40.23850387930871
89,2023-03-31,40.14360854029656
90,2023-04-01,40.0439783513546
91,2023-04-02,39.939643907547
92,2023-04-03,39.83064424395562
93,2023-04-04,39.71702367067338
94,2023-04-05,39.598829662799844
95,2023-04-06,39.47611075043679
96,2023-04-07,39.34892495870591
97,2023-04-08,39.21733347773552
98,2023-04-09,39.08139960765839
99,2023-04-10,38.94119508862496
100,2023-04-11,38.796792715787895
101,2023-04-12,38.64826950430871
102,2023-04-13,38.4957098543644
103,2023-04-14,38.339199221134194
104,2023-04-15,38.17882833480836
105,2023-04-16,38.01469109058381
106,2023-04-17,37.84688771367074
107,2023-04-18,37.675518429279336
108,2023-04-19,37.50068873763085
109,2023-04-20,37.32251152396203
110,2023-04-21,37.14109545350075
111,2023-04-22,36.95656079649926
112,2023-04-23,36.76902465820313
113,2023-04-24,36.57861152887345
114,2023-04-25,36.3854469537735
115,2023-04-26,36.18966069817544
116,2023-04-27,35.99138305485249
117,2023-04-28,35.79074959158898
118,2023-04-29,35.587896403670314
119,2023-04-30,35.382963278889655
120,2023-05-01,35.176093170046805
121,2023-05-02,34.96743061244488
122,2023-05-03,34.757119086384776
123,2023-05-04,34.54530840218067
124,2023-05-05,34.33214731514454
125,2023-05-06,34.11778721809387
126,2023-05-07,33.902380558848385
127,2023-05-08,33.6860813677311
128,2023-05-09,33.469044202566145
129,2023-05-10,33.2514257311821
130,2023-05-11,33.03338367640972
131,2023-05-12,32.815073651075366
132,2023-05-13,32.59665496051311
133,2023-05-14,32.378285855054855
134,2023-05-15,32.160123530030255
135,2023-05-16,31.942328345775607
136,2023-05-17,31.725057497620586
137,2023-05-18,31.50846976339817
138,2023-05-19,31.292721283435824
139,2023-05-20,31.077972154319287
140,2023-05-21,30.864376933872702
141,2023-05-22,30.652090707421305
142,2023-05-23,30.44126856029034
143,2023-05-24,30.232063467800618
144,2023-05-25,30.024627086520198
145,2023-05-26,29.8191089630127
146,2023-05-27,29.615659171342852
147,2023-05-28,29.414421983063225
148,2023-05-29,29.21554457098246
149,2023-05-30,29.019168964773417
150,2023-05-31,28.825434556603433
151,2023-06-01,28.634479156136514
152,2023-06-02,28.446439781785013
153,2023-06-03,28.261447913199664
154,2023-06-04,28.079633777216078
155,2023-06-05,27.901123842224482
156,2023-06-06,27.72604108192027
157,2023-06-07,27.554508997499944
158,2023-06-08,27.386643045768142
159,2023-06-09,27.222557768644766
160,2023-06-10,27.06236418038607
161,2023-06-11,26.906167542189362
162,2023-06-12,26.754072620719672
163,2023-06-13,26.606177135556937
164,2023-06-14,26.462578278779986
165,2023-06-15,26.323365857452156
166,2023-06-16,26.188627304881813
167,2023-06-17,26.058446889370682
168,2023-06-18,25.932902417331935
169,2023-06-19,25.812068002671005
170,2023-06-20,25.696015253663067
171,2023-06-21,25.584807997941972
172,2023-06-22,25.478509403765205
173,2023-06-23,25.37717340812087
174,2023-06-24,25.280853552371266
175,2023-06-25,25.18959678411484
176,2023-06-26,25.103445699065926
177,2023-06-27,25.02243854105473
178,2023-06-28,24.946608410775664
179,2023-06-29,24.87598234266043
180,2023-06-30,24.81058539301157
181,2023-07-01,24.750434705615046
182,2023-07-02,24.69554610550404
183,2023-07-03,24.64592645019293
184,2023-07-04,24.601582333445553
185,2023-07-05,24.56251270025969
186,2023-07-06,24.528711220622064
187,2023-07-07,24.500169190764428
188,2023-07-08,24.4768713131547
189,2023-07-09,24.458797542750837
190,2023-07-10,24.445924405753615
191,2023-07-11,24.43822341710329
192,2023-07-12,24.43566055297852
193,2023-07-13,24.43819941580296
194,2023-07-14,24.445796486735347
195,2023-07-15,24.458404818177225
196,2023-07-16,24.4759742975235
197,2023-07-17,24.498448745906355
198,2023-07-18,24.525770665705206
199,2023-07-19,24.55787491053343
200,2023-07-20,24.594693168997768
201,2023-07-21,24.636154755949978
202,2023-07-22,24.682185293734076
203,2023-07-23,24.7327035471797
204,2023-07-24,24.787628808617594
205,2023-07-25,24.846872721612456
206,2023-07-26,24.910346929728988
207,2023-07-27,24.977957801520827
208,2023-07-28,25.049608540534976
209,2023-07-29,25.12520089969039
210,2023-07-30,25.20463069751859
211,2023-07-31,25.28779414817691
212,2023-08-01,25.37458285018802
213,2023-08-02,25.464885764569047
214,2023-08-03,25.558591061085465
215,2023-08-04,25.65558229386807
216,2023-08-05,25.755742357671263
217,2023-08-06,25.858951377868653
218,2023-08-07,25.965087501704694
219,2023-08-08,26.074027425795794
220,2023-08-09,26.185646791756156
221,2023-08-10,26.29981985650957
222,2023-08-11,26.416418371349575
223,2023-08-12,26.535313098505142
224,2023-08-13,26.656373481452466
225,2023-08-14,26.779470776952806
226,2023-08-15,26.904470340348784
227,2023-08-16,27.03124393941835
228,2023-08-17,27.15965610528365
229,2023-08-18,27.289574485650522
230,2023-08-19,27.42086721863598
231,2023-08-20,27.55340065173805
232,2023-08-21,27.687042430602016
233,2023-08-22,27.821660251356665
234,2023-08-23,27.95712177716196
235,2023-08-24,28.093295132741336
236,2023-08-25,28.230051047354937
237,2023-08-26,28.36725903041661
238,2023-08-27,28.504790239781144
239,2023-08-28,28.64251827299595
240,2023-08-29,28.78031725510955
241,2023-08-30,28.918061245232824
242,2023-08-31,29.05562799498439
243,2023-09-01,29.192896838486195
244,2023-09-02,29.329747769236565
245,2023-09-03,29.46606328636408
246,2023-09-04,29.60172813087702
247,2023-09-05,29.73662889003754
248,2023-09-06,29.870656898617746
249,2023-09-07,30.003702700138096
250,2023-09-08,30.135660266876222
251,2023-09-09,30.266427791118623
252,2023-09-10,30.39590504765511
253,2023-09-11,30.523993393778802
254,2023-09-12,30.650601044297222
255,2023-09-13,30.77563542276621
256,2023-09-14,30.899008964002135
257,2023-09-15,31.02063726782799
258,2023-09-16,31.140439890325073
259,2023-09-17,31.258338761329654
260,2023-09-18,31.374258711934093
261,2023-09-19,31.4881293207407
262,2023-09-20,31.5998846501112
263,2023-09-21,31.709459553658963
264,2023-09-22,31.81679627001286
265,2023-09-23,31.921837037801744
266,2023-09-24,32.024532008171086
267,2023-09-25,32.1248326510191
268,2023-09-26,32.222694128751755
269,2023-09-27,32.31807635128498
270,2023-09-28,32.41094344854355
271,2023-09-29,32.50126324295998
272,2023-09-30,32.58900619447231
273,2023-10-01,32.674150148034094
274,2023-10-02,32.75667294859886
275,2023-10-03,32.83656088113785
276,2023-10-04,32.91379864811898
277,2023-10-05,32.988380974531175
278,2023-10-06,33.060303112864496
279,2023-10-07,33.12956295311451
280,2023-10-08,33.19616577029228
281,2023-10-09,33.260119476914404
282,2023-10-10,33.32143462300301
283,2023-10-11,33.38012597858906
284,2023-10-12,33.436215698719025
285,2023-10-13,33.48972382843495
286,2023-10-14,33.54067832529545
287,2023-10-15,33.589108729362486
288,2023-10-16,33.63504880070686
289,2023-10-17,33.67853599190712
290,2023-10-18,33.71961144804955
291,2023-10-19,33.75831895172596
292,2023-10-20,33.79470545053482
293,2023-10-21,33.82882105708122
294,2023-10-22,33.86072063148022
295,2023-10-23,33.89046008884907
296,2023-10-24,33.918099036812784
297,2023-10-25,33.943700248003005
298,2023-10-26,33.967328077554704
299,2023-10-27,33.98904951810837
300,2023-10-28,34.00893683731556
301,2023-10-29,34.02706019282341
302,2023-10-30,34.04349501729012
303,2023-10-31,34.058319380879404
304,2023-11-01,34.071611353754996
305,2023-11-02,34.08345164358616
306,2023-11-03,34.09392359554768
307,2023-11-04,34.10311108231544
308,2023-11-05,34.111099031567576
309,2023-11-06,34.11797711849213
310,2023-11-07,34.123830270767215
311,2023-11-08,34.12874974608422
312,2023-11-09,34.132827857136725
313,2023-11-10,34.13615375161171
314,2023-11-11,34.13882079720497
315,2023-11-12,34.14092130661011
316,2023-11-13,34.14254917502404
317,2023-11-14,34.14379618763924
318,2023-11-15,34.144757294654845
319,2023-11-16,34.145524281263356
320,2023-11-17,34.14619420766831
321,2023-11-18,34.146857276558876
322,2023-11-19,34.1476089656353
323,2023-11-20,34.148539477586745
324,2023-11-21,34.149741125106814
325,2023-11-22,34.15130516588688
326,2023-11-23,34.15332127511501
327,2023-11-24,34.155878600478175
328,2023-11-25,34.15906365215778
329,2023-11-26,34.162963467836384
330,2023-11-27,34.16766403019428
331,2023-11-28,34.173247101902966
332,2023-11-29,34.179794973134996
333,2023-11-30,34.187386769056324
334,2023-12-01,34.19610055983067
335,2023-12-02,34.20601177811623
336,2023-12-03,34.21719427406788
337,2023-12-04,34.22971873283387
338,2023-12-05,34.24365267455578
339,2023-12-06,34.25906572937966
340,2023-12-07,34.2760180324316
341,2023-12-08,34.29457130134106
342,2023-12-09,34.31478356122971
343,2023-12-10,34.336710727214815
344,2023-12-11,34.36040396690369
345,2023-12-12,34.385911810398106
346,2023-12-13,34.41328067779541
347,2023-12-14,34.44255276918411
348,2023-12-15,34.47376711964608
349,2023-12-16,34.50695959925652
350,2023-12-17,34.542163440585135
351,2023-12-18,34.579405546188354
352,2023-12-19,34.61871229112148
353,2023-12-20,34.66010530292988
354,2023-12-21,34.70360198915005
355,2023-12-22,34.74921659231186
356,2023-12-23,34.79695860743523
357,2023-12-24,34.846835947036745
358,2023-12-25,34.898851248621945
359,2023-12-26,34.953005039691924
360,2023-12-27,35.0092894077301
361,2023-12-28,35.0676980227232
362,2023-12-29,35.12821558713913
363,2023-12-30,35.190827330946924
364,2023-12-31,35.255512681603435
365,2024-01-01,35.322247901558875
366,2024-01-02,35.39100503325462
367,2024-01-03,35.461750844120985
368,2024-01-04,35.53445104658604
369,2024-01-05,35.609064495563516
370,2024-01-06,35.685549518466004
371,2024-01-07,35.76385811269284
372,2024-01-08,35.84394016563893
373,2024-01-09,35.925740289688115
374,2024-01-10,36.00920204222203
375,2024-01-11,36.094263178110126
376,2024-01-12,36.180858814716345
377,2024-01-13,36.26892195940018
378,2024-01-14,36.35837981700898
379,2024-01-15,36.44915853738785
380,2024-01-16,36.54117899537087
381,2024-01-17,36.634359955787666
382,2024-01-18,36.728618073463444
383,2024-01-19,36.82386683821679
384,2024-01-20,36.920015519857415
385,2024-01-21,37.01697233319283
386,2024-01-22,37.11464232802392
387,2024-01-23,37.2129273891449
388,2024-01-24,37.31172834634781
389,2024-01-25,37.41094075441361
390,2024-01-26,37.51046016812325
391,2024-01-27,37.61018319725991
392,2024-01-28,37.709999066591266
393,2024-01-29,37.80979805588723
394,2024-01-30,37.90946833491326
395,2024-01-31,38.00889701843262
396,2024-02-01,38.107969111204156
397,2024-02-02,38.20656750798226
398,2024-02-03,38.30457404851914
399,2024-02-04,38.40187373757363
400,2024-02-05,38.49834524989129
401,2024-02-06,38.59386726021767
402,2024-02-07,38.68832055330277
403,2024-02-08,38.78158696889878
404,2024-02-09,38.87354201674462
405,2024-02-10,38.96406437158585
406,2024-02-11,39.05303587317467
407,2024-02-12,39.140332031250004
408,2024-02-13,39.22583363056184
409,2024-02-14,39.309419345855716
410,2024-02-15,39.39096890687943
411,2024-02-16,39.47036520838738
412,2024-02-17,39.54748903512955
413,2024-02-18,39.62222433686257
414,2024-02-19,39.694452953338626
415,2024-02-20,39.76406199932099
416,2024-02-21,39.83093542456628
417,2024-02-22,39.89496561884881
418,2024-02-23,39.956040751934054
419,2024-02-24,40.01405321359635
420,2024-02-25,40.068895393610006
421,2024-02-26,40.12046601176262
422,2024-02-27,40.16866484284402
423,2024-02-28,40.21338849663735
424,2024-02-29,40.25454413294793
425,2024-03-01,40.292035746574406
426,2024-03-02,40.32577366232873
427,2024-03-03,40.35566926002503
428,2024-03-04,40.38163813948632
429,2024-03-05,40.4035969555378
430,2024-03-06,40.42147080302239
431,2024-03-07,40.43518161177636
432,2024-03-08,40.44465553164483
433,2024-03-09,40.449829262495044
434,2024-03-10,40.450636339187625
435,2024-03-11,40.44701662659646
436,2024-03-12,40.438909989595416
437,2024-03-13,40.42626895308495
438,2024-03-14,40.409040766954426
439,2024-03-15,40.387183231115344
440,2024-03-16,40.36065414547921
441,2024-03-17,40.329417639970785
442,2024-03-18,40.2934420645237
443,2024-03-19,40.25270104408265
444,2024-03-20,40.20716925859452
445,2024-03-21,40.1568287730217
446,2024-03-22,40.101663762331015
447,2024-03-23,40.041667896509175
448,2024-03-24,39.9768337905407
449,2024-03-25,39.9071624994278
450,2024-03-26,39.832657188177116
451,2024-03-27,39.75332629680634
452,2024-03-28,39.66918354034424
453,2024-03-29,39.580246853828434
454,2024-03-30,39.48654050230981
455,2024-03-31,39.38808980584145
456,2024-04-01,39.28492746949196
457,2024-04-02,39.177091473340994
458,2024-04-03,39.06462296247483
459,2024-04-04,38.9475662469864
460,2024-04-05,38.825973021984105
461,2024-04-06,38.69989920258523
462,2024-04-07,38.569402813911445
463,2024-04-08,38.43454821109772
464,2024-04-09,38.295406079292306
465,2024-04-10,38.15204393863679
466,2024-04-11,38.00454407930375
467,2024-04-12,37.85298562645913
468,2024-04-13,37.69745509028435
469,2024-04-14,37.538040035963064
470,2024-04-15,37.3748364686966
471,2024-04-16,37.207939338684085
472,2024-04-17,37.03745098114014
473,2024-04-18,36.86347795128823
474,2024-04-19,36.6861257493496
475,2024-04-20,36.505508315563205
476,2024-04-21,36.32174170017243
477,2024-04-22,36.13494564592839
478,2024-04-23,35.94524042308331
479,2024-04-24,35.752751576900486
480,2024-04-25,35.55760834515095
481,2024-04-26,35.35994102060795
482,2024-04-27,35.159883588552475
483,2024-04-28,34.957572144269946
484,2024-04-29,34.753146475553514
485,2024-04-30,34.54674795269966
486,2024-05-01,34.338519528508186
487,2024-05-02,34.128605738282204
488,2024-05-03,33.91715586483479
489,2024-05-04,33.70431813597679
490,2024-05-05,33.490243417024615
491,2024-05-06,33.27508415579796
492,2024-05-07,33.05899280011654
493,2024-05-08,32.842126017808916
494,2024-05-09,32.62463942170143
495,2024-05-10,32.406688097119336
496,2024-05-11,32.18843029439449
497,2024-05-12,31.970023736357692
498,2024-05-13,31.751627200841906
499,2024-05-14,31.53339893817902
500,2024-05-15,31.315496934950353
501,2024-05-16,31.098078913986686
502,2024-05-17,30.881306026875976
503,2024-05-18,30.66533388644457
504,2024-05-19,30.45031995177269
505,2024-05-20,30.23642115443945
506,2024-05-21,30.023793898522857
507,2024-05-22,29.812590895593168
508,2024-05-23,29.60296723097563
509,2024-05-24,29.395074693113568
510,2024-05-25,29.189062432944777
511,2024-05-26,28.98508131578565
512,2024-05-27,28.783278250694277
513,2024-05-28,28.58379737734795
514,2024-05-29,28.38678276948631
515,2024-05-30,28.192374808341267
516,2024-05-31,28.000713281705977
517,2024-06-01,27.81193233970553
518,2024-06-02,27.62616563793272
519,2024-06-03,27.443544194474818
520,2024-06-04,27.264195878896864
521,2024-06-05,27.088246351853016
522,2024-06-06,26.915815504454077
523,2024-06-07,26.747022370621565
524,2024-06-08,26.58198145106435
525,2024-06-09,26.420803883671763
526,2024-06-10,26.263598795235158
527,2024-06-11,26.110469180345536
528,2024-06-12,25.961513813585047
529,2024-06-13,25.81683226078749
530,2024-06-14,25.676514197140936
531,2024-06-15,25.54065035283566
532,2024-06-16,25.409323018044237
533,2024-06-17,25.282611977308992
534,2024-06-18,25.160594245791437
535,2024-06-19,25.043339453637603
536,2024-06-20,24.930914461612705
537,2024-06-21,24.82338230609894
538,2024-06-22,24.720801275968554
539,2024-06-23,24.623222011327744
540,2024-06-24,24.53069620728493
541,2024-06-25,24.443265272676946
542,2024-06-26,24.360968770086767
543,2024-06-27,24.283840723335747
544,2024-06-28,24.211912782490256
545,2024-06-29,24.14520525634289
546,2024-06-30,24.083742673695088
547,2024-07-01,24.027536903321746
548,2024-07-02,23.976599550247194
549,2024-07-03,23.930936416983606
550,2024-07-04,23.890547767281536
551,2024-07-05,23.855431227386
552,2024-07-06,23.82557571977377
553,2024-07-07,23.800967793166638
554,2024-07-08,23.78159030377865
555,2024-07-09,23.76741872280836
556,2024-07-10,23.758427466452122
557,2024-07-11,23.754584620893002
558,2024-07-12,23.75585115104914
559,2024-07-13,23.762187758088114
560,2024-07-14,23.77354749441147
561,2024-07-15,23.78988262116909
562,2024-07-16,23.811136695742608
563,2024-07-17,23.837251693010334
564,2024-07-18,23.86816668659449
565,2024-07-19,23.903812573850157
566,2024-07-20,23.94412051588297
567,2024-07-21,23.989016135036948
568,2024-07-22,24.03841977864504
569,2024-07-23,24.092251794040205
570,2024-07-24,24.1504246160388
571,2024-07-25,24.212848833203317
572,2024-07-26,24.27943503409624
573,2024-07-27,24.3500840485096
574,2024-07-28,24.424700398743155
575,2024-07-29,24.50318069458008
576,2024-07-30,24.585421282052994
577,2024-07-31,24.671314814686777
578,2024-08-01,24.760750253498557
579,2024-08-02,24.8536152407527
580,2024-08-03,24.94979478120804
581,2024-08-04,25.049174143373968
582,2024-08-05,25.151632793247703
583,2024-08-06,25.257047295570377
584,2024-08-07,25.36529856696725
585,2024-08-08,25.47626066654921
586,2024-08-09,25.589807257801297
587,2024-08-10,25.705810685455802
588,2024-08-11,25.824143689870837
589,2024-08-12,25.944675187021495
590,2024-08-13,26.06727422475815
591,2024-08-14,26.191811169683934
592,2024-08-15,26.318153091520074
593,2024-08-16,26.446167851239444
594,2024-08-17,26.57572298012674
595,2024-08-18,26.70668442696333
596,2024-08-19,26.83892077803612
597,2024-08-20,26.97229791618884
598,2024-08-21,27.106683933176104
599,2024-08-22,27.24194607592654
600,2024-08-23,27.377954673953358
601,2024-08-24,27.514576504379512
602,2024-08-25,27.651683240197602
603,2024-08-26,27.789146138168874
604,2024-08-27,27.92683767490089
605,2024-08-28,28.064630063250664
606,2024-08-29,28.202399307489397
607,2024-08-30,28.340022038295867
608,2024-08-31,28.47737706229091
609,2024-09-01,28.614342988282445
610,2024-09-02,28.750803172588352
611,2024-09-03,28.886640641838316
612,2024-09-04,29.02174396142364
613,2024-09-05,29.15600064173341
614,2024-09-06,29.28930135816336
615,2024-09-07,29.421541006118062
616,2024-09-08,29.552615404129032
617,2024-09-09,29.68242445886135
618,2024-09-10,29.81086913198233
619,2024-09-11,29.937854737043384
620,2024-09-12,30.063291071355344
621,2024-09-13,30.187087932229044
622,2024-09-14,30.309161183238032
623,2024-09-15,30.42942747920752
624,2024-09-16,30.54780901372433
625,2024-09-17,30.66423035413027
626,2024-09-18,30.778619496524335
627,2024-09-19,30.890909975767137
628,2024-09-20,31.00103559046984
629,2024-09-21,31.108936996757986
630,2024-09-22,31.214557488262656
631,2024-09-23,31.317843787372116
632,2024-09-24,31.418747100234032
633,2024-09-25,31.517222061753277
634,2024-09-26,31.61322831809521
635,2024-09-27,31.706726834177974
636,2024-09-28,31.79768595993519
637,2024-09-29,31.886075627803805
638,2024-09-30,31.971871045231822
639,2024-10-01,32.055051112174986
640,2024-10-02,32.13559894859791
641,2024-10-03,32.21350031197071
642,2024-10-04,32.28874781727791
643,2024-10-05,32.36133407950401
644,2024-10-06,32.43125962615013
645,2024-10-07,32.498526567220686
646,2024-10-08,32.56314123272896
647,2024-10-09,32.62511364519596
648,2024-10-10,32.6844606846571
649,2024-10-11,32.74119817614555
650,2024-10-12,32.795349857211114
651,2024-10-13,32.846939992904666
652,2024-10-14,32.89599812328816
653,2024-10-15,32.94255800843239
654,2024-10-16,32.98665446341038
655,2024-10-17,33.028328105807304
656,2024-10-18,33.0676237732172
657,2024-10-19,33.10458577573299
658,2024-10-20,33.139264753460886
659,2024-10-21,33.17171292901039
660,2024-10-22,33.20198727250099
661,2024-10-23,33.23014580905438
662,2024-10-24,33.25625025629997
663,2024-10-25,33.28036496937275
664,2024-10-26,33.3025564134121
665,2024-10-27,33.322895273566246
666,2024-10-28,33.34145276248455
667,2024-10-29,33.35830273032189
668,2024-10-30,33.37352271974087
669,2024-10-31,33.38719027340412
670,2024-11-01,33.3993855714798
671,2024-11-02,33.410191959142686
672,2024-11-03,33.41969225406647
673,2024-11-04,33.42797191143036
674,2024-11-05,33.43511902391911
675,2024-11-06,33.44121957421303
676,2024-11-07,33.44636482000351
677,2024-11-08,33.45064443647862
678,2024-11-09,33.45415073633194
679,2024-11-10,33.45697339475155
680,2024-11-11,33.45920683443546
681,2024-11-12,33.46094389557839
682,2024-11-13,33.46227741837502
683,2024-11-14,33.463300770521165
684,2024-11-15,33.46410784721375
685,2024-11-16,33.46479359865189
686,2024-11-17,33.465450337529184
687,2024-11-18,33.46617037653923
688,2024-11-19,33.46704761087894
689,2024-11-20,33.46817329823971
690,2024-11-21,33.46963764131069
691,2024-11-22,33.47153189778328
692,2024-11-23,33.47394574284554
693,2024-11-24,33.47696568667889
694,2024-11-25,33.480679294466974
695,2024-11-26,33.485171493887904
696,2024-11-27,33.490526685118674
697,2024-11-28,33.49682557582855
698,2024-11-29,33.504148873686795
699,2024-11-30,33.51257570385933
700,2024-12-01,33.52218044400215
701,2024-12-02,33.533037471771244
702,2024-12-03,33.54522010982037
703,2024-12-04,33.558796405792236
704,2024-12-05,33.57383282482624
705,2024-12-06,33.59039424955845
706,2024-12-07,33.608541870117186
707,2024-12-08,33.62833423912525
708,2024-12-09,33.64982779920101
709,2024-12-10,33.67307424545288
710,2024-12-11,33.698124217987065
711,2024-12-12,33.725024136900906
712,2024-12-13,33.7538156747818
713,2024-12-14,33.78454155921936
714,2024-12-15,33.8172366052866
715,2024-12-16,33.85193404555321
716,2024-12-17,33.88866447508335
717,2024-12-18,33.92745268642903
718,2024-12-19,33.96832241714001
719,2024-12-20,34.01129107475281
720,2024-12-21,34.05637501180172
721,2024-12-22,34.10358530580998
722,2024-12-23,34.15292934179306
723,2024-12-24,34.204410284757614
724,2024-12-25,34.25802918970585
725,2024-12-26,34.31378130912781
726,2024-12-27,34.3716587305069
727,2024-12-28,34.431650903820994
728,2024-12-29,34.493741476535796
729,2024-12-30,34.557910931110385
730,2024-12-31,34.624136057496074
731,2025-01-01,34.69239048063755
732,2025-01-02,34.76264202296734
733,2025-01-03,34.83485692441464
734,2025-01-04,34.90899720489979
735,2025-01-05,34.98501749932766
736,2025-01-06,35.06287455260754
737,2025-01-07,35.14251825213432
738,2025-01-08,35.22389426529408
739,2025-01-09,35.30694667696953
740,2025-01-10,35.391614297032355
741,2025-01-11,35.477832242846496
742,2025-01-12,35.56553563177586
743,2025-01-13,35.654652196168904
744,2025-01-14,35.74510597586632
745,2025-01-15,35.83682364821435
746,2025-01-16,35.9297234505415
747,2025-01-17,36.02371992766858
748,2025-01-18,36.118729206919674
749,2025-01-19,36.21466214060784
750,2025-01-20,36.31142483353615
751,2025-01-21,36.40892708301545
752,2025-01-22,36.507065498828894
753,2025-01-23,36.60574724078179
754,2025-01-24,36.70486469864846
755,2025-01-25,36.804318702220925
756,2025-01-26,36.90400269627572
757,2025-01-27,37.00380485057831
758,2025-01-28,37.10361860990525
759,2025-01-29,37.20333214402199
760,2025-01-30,37.30283151268959
761,2025-01-31,37.402002775669104
762,2025-02-01,37.50072988271714
763,2025-02-02,37.59889572858811
764,2025-02-03,37.69638426303864
765,2025-02-04,37.79307205080987
766,2025-02-05,37.888843041658404
767,2025-02-06,37.983575910329826
768,2025-02-07,38.07715038657189
769,2025-02-08,38.16944514513016
770,2025-02-09,38.26033675074578
771,2025-02-10,38.34970704317094
772,2025-02-11,38.43743469715119
773,2025-02-12,38.523395222425464
774,2025-02-13,38.607470458745965
775,2025-02-14,38.68954119086266
776,2025-02-15,38.76948820352555
777,2025-02-16,38.847190171480186
778,2025-02-17,38.922534209489825
779,2025-02-18,38.99539899230004
780,2025-02-19,39.065673744678506
781,2025-02-20,39.13324136137963
782,2025-02-21,39.197993177175526
783,2025-02-22,39.25981630682946
784,2025-02-23,39.318604195117956
785,2025-02-24,39.37424923181534
786,2025-02-25,39.42665013670922
787,2025-02-26,39.475699299573904
788,2025-02-27,39.521300715208056
789,2025-02-28,39.563357323408134
790,2025-03-01,39.60177206397057
791,2025-03-02,39.63645842671395
792,2025-03-03,39.66732251644135
793,2025-03-04,39.69428098797799
794,2025-03-05,39.717249441146855
795,2025-03-06,39.73615191578865
796,2025-03-07,39.75091034173966
797,2025-03-08,39.76145086884499
798,2025-03-09,39.76770597696305
799,2025-03-10,39.76961025595666
800,2025-03-11,39.76710146069527
801,2025-03-12,39.76012262105942
802,2025-03-13,39.74861993193627
803,2025-03-14,39.732541698217396
804,2025-03-15,39.71184677481652
805,2025-03-16,39.68648874163628
806,2025-03-17,39.65643278360368
807,2025-03-18,39.62164619565011
808,2025-03-19,39.58209732770921
809,2025-03-20,39.537765079736715
810,2025-03-21,39.48862624168397
811,2025-03-22,39.43467026352883
812,2025-03-23,39.375883430242546
813,2025-03-24,39.31225835680962
814,2025-03-25,39.24379609823227
815,2025-03-26,39.17049981951714
816,2025-03-27,39.09237268567086
817,2025-03-28,39.00943157672883
818,2025-03-29,38.921692317724236
819,2025-03-30,38.829174953699116
820,2025-03-31,38.731906914711004
821,2025-04-01,38.62991985082627
822,2025-04-02,38.523248577117926
823,2025-04-03,38.41193423867226
824,2025-04-04,38.296020090579994
825,2025-04-05,38.1755557179451
826,2025-04-06,38.05059703588486
827,2025-04-07,37.92119995951653
828,2025-04-08,37.78742884397507
829,2025-04-09,37.64935120940209
830,2025-04-10,37.50703774094582
831,2025-04-11,37.360565453767784
832,2025-04-12,37.21001347303391
833,2025-04-13,37.055467253923425
834,2025-04-14,36.89701541662217
835,2025-04-15,36.734749746322635
836,2025-04-16,36.56876624822617
837,2025-04-17,36.39916725754738
838,2025-04-18,36.22605299949647
839,2025-04-19,36.04953635931015
840,2025-04-20,35.86972547471524
841,2025-04-21,35.68673481345177
842,2025-04-22,35.50068464577198
843,2025-04-23,35.3116952419281
844,2025-04-24,35.11988950967789
845,2025-04-25,34.92539774179459
846,2025-04-26,34.72834864854813
847,2025-04-27,34.52887568771839
848,2025-04-28,34.327115482091905
849,2025-04-29,34.1232057094574
850,2025-04-30,33.91728721261025
851,2025-05-01,33.70950188934803
852,2025-05-02,33.499996384978296
853,2025-05-03,33.288916817307474
854,2025-05-04,33.07641141414643
855,2025-05-05,32.86263209581375
856,2025-05-06,32.64772920012474
857,2025-05-07,32.43185675740242
858,2025-05-08,32.21516985297203
859,2025-05-09,31.99782304465771
860,2025-05-10,31.779973000288013
861,2025-05-11,31.56177717894316
862,2025-05-12,31.343393303453926
863,2025-05-13,31.124978832900528
864,2025-05-14,30.906693072617056
865,2025-05-15,30.688694800436497
866,2025-05-16,30.471141211688522
867,2025-05-17,30.254192139208318
868,2025-05-18,30.038005305826665
869,2025-05-19,29.82273737937212
870,2025-05-20,29.608545818924906
871,2025-05-21,29.39558518230915
872,2025-05-22,29.18401174172759
873,2025-05-23,28.97397900000215
874,2025-05-24,28.765639009326698
875,2025-05-25,28.55914329439402
876,2025-05-26,28.354640544578434
877,2025-05-27,28.15227885581553
878,2025-05-28,27.952204741537575
879,2025-05-29,27.754560033604506
880,2025-05-30,27.559487750753764
881,2025-05-31,27.367125513078648
882,2025-06-01,27.177611443446953
883,2025-06-02,26.991079659014943
884,2025-06-03,26.807659776695075
885,2025-06-04,26.627481982111934
886,2025-06-05,26.450670534744862
887,2025-06-06,26.27734936438501
888,2025-06-07,26.10763531252742
889,2025-06-08,25.94164588004351
890,2025-06-09,25.77949269935489
891,2025-06-10,25.62128404006362
892,2025-06-11,25.467125138640405
893,2025-06-12,25.31711859405041
894,2025-06-13,25.171359488368036
895,2025-06-14,25.02994224429131
896,2025-06-15,24.892956800758842
897,2025-06-16,24.760488085448745
898,2025-06-17,24.63261548727751
899,2025-06-18,24.50941654890776
900,2025-06-19,24.390965120494368
901,2025-06-20,24.277326875925066
902,2025-06-21,24.168566170334817
903,2025-06-22,24.06474155634642
904,2025-06-23,23.965907630324367
905,2025-06-24,23.872114241123203
906,2025-06-25,23.7834054350853
907,2025-06-26,23.699821566045287
908,2025-06-27,23.621399822831155
909,2025-06-28,23.548167107999326
910,2025-06-29,23.480152697861197
911,2025-06-30,23.417377428710463
912,2025-07-01,23.359856598079208
913,2025-07-02,23.307601810991766
914,2025-07-03,23.260620979964735
915,2025-07-04,23.21891357749701
916,2025-07-05,23.182478812336925
917,2025-07-06,23.151308508217337
918,2025-07-07,23.125390796363355
919,2025-07-08,23.104707477986814
920,2025-07-09,23.08923718929291
921,2025-07-10,23.07895381897688
922,2025-07-11,23.073826771974566
923,2025-07-12,23.073820441961292
924,2025-07-13,23.078893420100215
925,2025-07-14,23.08900192379952
926,2025-07-15,23.104096895456316
927,2025-07-16,23.124126903712753
928,2025-07-17,23.14903260469437
929,2025-07-18,23.178753335773948
930,2025-07-19,23.213223423063756
931,2025-07-20,23.25237297266722
932,2025-07-21,23.29612918943167
933,2025-07-22,23.34441321194172
934,2025-07-23,23.39714538753033
935,2025-07-24,23.454240788519385
936,2025-07-25,23.515610794723035
937,2025-07-26,23.581165203452112
938,2025-07-27,23.650809064507488
939,2025-07-28,23.724442152678968
940,2025-07-29,23.8019668802619
941,2025-07-30,23.88327695578337
942,2025-07-31,23.968267142772678
943,2025-08-01,24.05682772099972
944,2025-08-02,24.148845541477204
945,2025-08-03,24.244207718968394
946,2025-08-04,24.342798466980458
947,2025-08-05,24.444497251510622
948,2025-08-06,24.54918512105942
949,2025-08-07,24.656739167869095
950,2025-08-08,24.76703542917967
951,2025-08-09,24.879947832226755
952,2025-08-10,24.995348985493184
953,2025-08-11,25.113111497461798
954,2025-08-12,25.233104811608793
955,2025-08-13,25.355199822038415
956,2025-08-14,25.4792651809752
957,2025-08-15,25.605167958140374
958,2025-08-16,25.73277720138431
959,2025-08-17,25.861959321051838
960,2025-08-18,25.9925824418664
961,2025-08-19,26.124512051045897
962,2025-08-20,26.25761600956321
963,2025-08-21,26.39176178276539
964,2025-08-22,26.526818352565172
965,2025-08-23,26.662651535868648
966,2025-08-24,26.79913262240589
967,2025-08-25,26.93613056112081
968,2025-08-26,27.073516608774664
969,2025-08-27,27.211162434238943
970,2025-08-28,27.348941478459167
971,2025-08-29,27.486728517618033
972,2025-08-30,27.624398772977294
973,2025-08-31,27.761830976977947
974,2025-09-01,27.898905766010287
975,2025-09-02,28.035503628104927
976,2025-09-03,28.17150778770447
977,2025-09-04,28.30680542550981
978,2025-09-05,28.44128385409713
979,2025-09-06,28.574834078550342
980,2025-09-07,28.707348686456683
981,2025-09-08,28.838723760098222
982,2025-09-09,28.968857755512
983,2025-09-10,29.09765295311809
984,2025-09-11,29.225012424588204
985,2025-09-12,29.350844648480418
986,2025-09-13,29.47505981773138
987,2025-09-14,29.597571422159675
988,2025-09-15,29.718296907842163
989,2025-09-16,29.837157149612906
990,2025-09-17,29.954075396060947
991,2025-09-18,30.068979379534724
992,2025-09-19,30.18179946988821
993,2025-09-20,30.292472103238108
994,2025-09-21,30.40093582570553
995,2025-09-22,30.507131293416027
996,2025-09-23,30.611006547510627
997,2025-09-24,30.712509629130366
998,2025-09-25,30.811595700681213
999,2025-09-26,30.908222825825217
1000,2025-09-27,31.00235144197941
1001,2025-09-28,31.093947789072992
1002,2025-09-29,31.18298206329346
1003,2025-09-30,31.26942894458771
1004,2025-10-01,31.35326469540596
1005,2025-10-02,31.43447190821171
1006,2025-10-03,31.513036340475086
1007,2025-10-04,31.58894744217396
1008,2025-10-05,31.662198883295062
1009,2025-10-06,31.73278908133507
1010,2025-10-07,31.800720673799518
1011,2025-10-08,31.865997353196146
1012,2025-10-09,31.92863019704819
1013,2025-10-10,31.988632392883304
1014,2025-10-11,32.04602029323578
1015,2025-10-12,32.10081552565098
1016,2025-10-13,32.153043410182
1017,2025-10-14,32.20273137688637
1018,2025-10-15,32.249912130832676
1019,2025-10-16,32.29462101459503
1020,2025-10-17,32.336897590756415
1021,2025-10-18,32.376783004403116
1022,2025-10-19,32.41432314813137
1023,2025-10-20,32.44956866204739
1024,2025-10-21,32.482569658756255
1025,2025-10-22,32.513382053375246
1026,2025-10-23,32.54206334352494
1027,2025-10-24,32.56867471933365
1028,2025-10-25,32.59328053593636
1029,2025-10-26,32.61594673097134
1030,2025-10-27,32.63674240708351
1031,2025-10-28,32.65573877692223
1032,2025-10-29,32.673008635640144
1033,2025-10-30,32.688628998398784
1034,2025-10-31,32.702676880359654
1035,2025-11-01,32.71523298919201
1036,2025-11-02,32.726378032565115
1037,2025-11-03,32.736197465658186
1038,2025-11-04,32.7447735786438
1039,2025-11-05,32.75219551920891
1040,2025-11-06,32.75854979753495
1041,2025-11-07,32.76392556130886
1042,2025-11-08,32.76841406822205
1043,2025-11-09,32.77210341095925
1044,2025-11-10,32.77508853971958
1045,2025-11-11,32.77746071219445
1046,2025-11-12,32.77931276857853
1047,2025-11-13,32.78073807656765
1048,2025-11-14,32.78183053135872
1049,2025-11-15,32.78268350064754
1050,2025-11-16,32.78339087963104
1051,2025-11-17,32.78404603600502
1052,2025-11-18,32.78474233746529
1053,2025-11-19,32.78557051420212
1054,2025-11-20,32.786625516414645
1055,2025-11-21,32.78799596428871
1056,2025-11-22,32.78977575302124
1057,2025-11-23,32.79205086529255
1058,2025-11-24,32.7949109762907
1059,2025-11-25,32.79844365119934
1060,2025-11-26,32.80273329019547
1061,2025-11-27,32.807864820957185
1062,2025-11-28,32.81392000615597
1063,2025-11-29,32.82098060846329
1064,2025-11-30,32.829122588038445
1065,2025-12-01,32.838426125049594
1066,2025-12-02,32.84896401464939
1067,2025-12-03,32.86080852448941
1068,2025-12-04,32.87402981221676
1069,2025-12-05,32.88869592547417
1070,2025-12-06,32.90487016439438
1071,2025-12-07,32.92261582911015
1072,2025-12-08,32.94199147224426
1073,2025-12-09,32.96305406391621
1074,2025-12-10,32.98585740923882
1075,2025-12-11,33.01045214831829
1076,2025-12-12,33.0368857562542
1077,2025-12-13,33.06520096063614
1078,2025-12-14,33.095439434051514
1079,2025-12-15,33.127639156579974
1080,2025-12-16,33.161832305789
1081,2025-12-17,33.198052641749385
1082,2025-12-18,33.236324429512024
1083,2025-12-19,33.276671406626704
1084,2025-12-20,33.31911414563656
1085,2025-12-21,33.363667944073676
1086,2025-12-22,33.41034598946572
1087,2025-12-23,33.45915566682816
1088,2025-12-24,33.51010277867317
1089,2025-12-25,33.56318626999855
1090,2025-12-26,33.61840561330319
1091,2025-12-27,33.675752896070485
1092,2025-12-28,33.735217568278316
1093,2025-12-29,33.79678538739682
1094,2025-12-30,33.86043683588505
1095,2025-12-31,33.926151868700984
1096,2026-01-01,33.99390094578266
1097,2026-01-02,34.06365663707256
1098,2026-01-03,34.13538412749767
1099,2026-01-04,34.20904543697834
1100,2026-01-05,34.28460047543049
1101,2026-01-06,34.36200387775898
1102,2026-01-07,34.44120500385761
1103,2026-01-08,34.52215268611908
1104,2026-01-09,34.60479206442833
1105,2026-01-10,34.689061421155934
1106,2026-01-11,34.774897983670236
1107,2026-01-12,34.862237396836285
1108,2026-01-13,34.95100581049919
1109,2026-01-14,35.04113359451294
1110,2026-01-15,35.1325421512127
1111,2026-01-16,35.22515446543694
1112,2026-01-17,35.31888349950314
1113,2026-01-18,35.41364854574204
1114,2026-01-19,35.50935992896557
1115,2026-01-20,35.60592428147793
1116,2026-01-21,35.703249290585525
1117,2026-01-22,35.801238951087
1118,2026-01-23,35.8997940927744
1119,2026-01-24,35.998812907934195
1120,2026-01-25,36.09819253385068
1121,2026-01-26,36.1978285253048
1122,2026-01-27,36.29761063456536
1123,2026-01-28,36.397432833909996
1124,2026-01-29,36.497181183099755
1125,2026-01-30,36.59674596190453
1126,2026-01-31,36.69600901007653
1127,2026-02-01,36.79485849738121
1128,2026-02-02,36.893176263570794
1129,2026-02-03,36.99084309339524
1130,2026-02-04,37.08774293661118
1131,2026-02-05,37.18375552296639
1132,2026-02-06,37.278759527206425
1133,2026-02-07,37.37263467907906
1134,2026-02-08,37.46526070833207
1135,2026-02-09,37.55651417970658
1136,2026-02-10,37.64627693295479
1137,2026-02-11,37.73442447781564
1138,2026-02-12,37.820838654041296
1139,2026-02-13,37.90539708137513
1140,2026-02-14,37.987980544567115
1141,2026-02-15,38.06846982836724
1142,2026-02-16,38.14674360752106
1143,2026-02-17,38.22268794178963
1144,2026-02-18,38.29618467092514
1145,2026-02-19,38.3671156346798
1146,2026-02-20,38.435372167825705
1147,2026-02-21,38.50083716511727
1148,2026-02-22,38.56340301632882
1149,2026-02-23,38.622961056232455
1150,2026-02-24,38.67940156459809
1151,2026-02-25,38.7326222062111
1152,2026-02-26,38.78251853585244
1153,2026-02-27,38.82899243831635
1154,2026-02-28,38.87194157838822
1155,2026-03-01,38.911278390884405
1156,2026-03-02,38.94690370559693
1157,2026-03-03,38.97873206734658
1158,2026-03-04,39.0066748559475
1159,2026-03-05,39.030648726224904
1160,2026-03-06,39.05057455301285
1161,2026-03-07,39.066375321149835
1162,2026-03-08,39.07797612547875
1163,2026-03-09,39.08531050086022
1164,2026-03-10,39.088306707143786
1165,2026-03-11,39.08690671920777
1166,2026-03-12,39.08105145692826
1167,2026-03-13,39.070685005188
1168,2026-03-14,39.05575566887856
1169,2026-03-15,39.036218082904824
1170,2026-03-16,39.01203004717827
1171,2026-03-17,38.983151471614846
1172,2026-03-18,38.94955070614815
1173,2026-03-19,38.91119293570519
1174,2026-03-20,38.86805917024613
1175,2026-03-21,38.82012408971787
1176,2026-03-22,38.76737397909165
1177,2026-03-23,38.70979512333871
1178,2026-03-24,38.64738119244576
1179,2026-03-25,38.580127966403964
1180,2026-03-26,38.50803861021996
1181,2026-03-27,38.43111839890481
1182,2026-03-28,38.349379992485055
1183,2026-03-29,38.26283816099168
1184,2026-03-30,38.17151294946671
1185,2026-03-31,38.07543073296547
1186,2026-04-01,37.97462105154992
1187,2026-04-02,37.86911661028863
1188,2026-04-03,37.75895855426789
1189,2026-04-04,37.64419013857842
1190,2026-04-05,37.52485778331757
1191,2026-04-06,37.40101845860482
1192,2026-04-07,37.27272385954858
1193,2026-04-08,37.14004045128823
1194,2026-04-09,37.00303364396096
1195,2026-04-10,36.861772012710574
1196,2026-04-11,36.71633151769639
1197,2026-04-12,36.56679233908654
1198,2026-04-13,36.41323676705361
1199,2026-04-14,36.25575131177903
1200,2026-04-15,36.09443039596081
1201,2026-04-16,35.92936791479588
1202,2026-04-17,35.760661983489996
1203,2026-04-18,35.588417574763305
1204,2026-04-19,35.41274071633816
1205,2026-04-20,35.2337432384491
1206,2026-04-21,35.05153697133064
1207,2026-04-22,34.8662400752306
1208,2026-04-23,34.6779733479023
1209,2026-04-24,34.486860224604605
1210,2026-04-25,34.293027833104134
1211,2026-04-26,34.096605411171915
1212,2026-04-27,33.89772641658783
1213,2026-04-28,33.69652588963509
1214,2026-04-29,33.493139398097995
1215,2026-04-30,33.28770989477635
1216,2026-05-01,33.08037769496441
1217,2026-05-02,32.871288388967514
1218,2026-05-03,32.6605886220932
1219,2026-05-04,32.44842556715012
1220,2026-05-05,32.23495008945465
1221,2026-05-06,32.02031410932541
1222,2026-05-07,31.804669547080994
1223,2026-05-08,31.5881717517972
1224,2026-05-09,31.37097528129816
1225,2026-05-10,31.153236275911333
1226,2026-05-11,30.935112458467486
1227,2026-05-12,30.716760233044628
1228,2026-05-13,30.4983391687274
1229,2026-05-14,30.280005933344366
1230,2026-05-15,30.061921150982382
1231,2026-05-16,29.844242280721666
1232,2026-05-17,29.627127309143546
1233,2026-05-18,29.41073475033045
1234,2026-05-19,29.195221931487325
1235,2026-05-20,28.980746047943832
1236,2026-05-21,28.7674628444016
1237,2026-05-22,28.555529516190294
1238,2026-05-23,28.345096467062834
1239,2026-05-24,28.136319309845568
1240,2026-05-25,27.929348382353783
1241,2026-05-26,27.724334121309223
1242,2026-05-27,27.521423386316748
1243,2026-05-28,27.320763993076984
1244,2026-05-29,27.122497608605773
1245,2026-05-30,26.926768998987974
1246,2026-05-31,26.733716682717205
1247,2026-06-01,26.543477958440782
1248,2026-06-02,26.35618816316128
1249,2026-06-03,26.171978314965965
1250,2026-06-04,25.990977651625872
1251,2026-06-05,25.813314092159274
1252,2026-06-06,25.63910830244422
1253,2026-06-07,25.468481212109328
1254,2026-06-08,25.301550453901292
1255,2026-06-09,25.13842746242881
1256,2026-06-10,24.979222749173644
1257,2026-06-11,24.824043001234532
1258,2026-06-12,24.672987256944182
1259,2026-06-13,24.5261578515172
1260,2026-06-14,24.38364709764719
1261,2026-06-15,24.245545198023322
1262,2026-06-16,24.111939190328123
1263,2026-06-17,23.98291004598141
1264,2026-06-18,23.858536362648014
1265,2026-06-19,23.738891726732255
1266,2026-06-20,23.624043130874636
1267,2026-06-21,23.514058095216754
1268,2026-06-22,23.4089946448803
1269,2026-06-23,23.308908431231977
1270,2026-06-24,23.21385035812855
1271,2026-06-25,23.123865790665153
1272,2026-06-26,23.038998511433604
1273,2026-06-27,22.95928096175194
1274,2026-06-28,22.884749011695387
1275,2026-06-29,22.815428772568705
1276,2026-06-30,22.751341608166697
1277,2026-07-01,22.69250571727753
1278,2026-07-02,22.638933759927752
1279,2026-07-03,22.590633121132853
1280,2026-07-04,22.54760802090168
1281,2026-07-05,22.50985582172871
1282,2026-07-06,22.477369666099552
1283,2026-07-07,22.4501405864954
1284,2026-07-08,22.42815064787865
1285,2026-07-09,22.411379805207254
1286,2026-07-10,22.39980221092701
1287,2026-07-11,22.393390434980393
1288,2026-07-12,22.392105969786645
1289,2026-07-13,22.395913472771646
1290,2026-07-14,22.404767578840257
1291,2026-07-15,22.418620812892915
1292,2026-07-16,22.437422007322315
1293,2026-07-17,22.461114719510082
1294,2026-07-18,22.489637231826784
1295,2026-07-19,22.522927299141887
1296,2026-07-20,22.560913181304933
1297,2026-07-21,22.603524720668794
1298,2026-07-22,22.650684374570847
1299,2026-07-23,22.70231249034405
1300,2026-07-24,22.7583251953125
1301,2026-07-25,22.818634924292567
1302,2026-07-26,22.883152265846732
1303,2026-07-27,22.951781742274765
1304,2026-07-28,23.024427348375323
1305,2026-07-29,23.100989386439327
1306,2026-07-30,23.181363411247734
1307,2026-07-31,23.26544286757708
1308,2026-08-01,23.353120936453344
1309,2026-08-02,23.444285523891452
1310,2026-08-03,23.538823480904103
1311,2026-08-04,23.636617174744607
1312,2026-08-05,23.737549763917926
1313,2026-08-06,23.84150203317404
1314,2026-08-07,23.948351866006853
1315,2026-08-08,24.057973717153075
1316,2026-08-09,24.17024336010218
1317,2026-08-10,24.285034458339215
1318,2026-08-11,24.40221830159426
1319,2026-08-12,24.521666707098486
1320,2026-08-13,24.643248854577543
1321,2026-08-14,24.76683418750763
1322,2026-08-15,24.89229030311108
1323,2026-08-16,25.01948532611132
1324,2026-08-17,25.148286326229574
1325,2026-08-18,25.278561296314003
1326,2026-08-19,25.410176514834166
1327,2026-08-20,25.542998919636013
1328,2026-08-21,25.676896899193526
1329,2026-08-22,25.811738182604316
1330,2026-08-23,25.947389707714322
1331,2026-08-24,26.083721577376128
1332,2026-08-25,26.220602707564833
1333,2026-08-26,26.357903069257738
1334,2026-08-27,26.49549652375281
1335,2026-08-28,26.633254228904846
1336,2026-08-29,26.771050606481733
1337,2026-08-30,26.908760803565386
1338,2026-08-31,27.046264533419166
1339,2026-09-01,27.18344010813162
1340,2026-09-02,27.320168071368247
1341,2026-09-03,27.456331200432036
1342,2026-09-04,27.591816711053255
1343,2026-09-05,27.7265091072768
1344,2026-09-06,27.860301850363616
1345,2026-09-07,27.99308462664485
1346,2026-09-08,28.12475503496826
1347,2026-09-09,28.255208036676052
1348,2026-09-10,28.38434756062925
1349,2026-09-11,28.512075030058625
1350,2026-09-12,28.638297472894195
1351,2026-09-13,28.762925279885533
1352,2026-09-14,28.885870622098448
1353,2026-09-15,29.007049626857043
1354,2026-09-16,29.126383037120107
1355,2026-09-17,29.243793310225012
1356,2026-09-18,29.359207782894376
1357,2026-09-19,29.472555769979955
1358,2026-09-20,29.583771465718748
1359,2026-09-21,29.69279275685549
1360,2026-09-22,29.79956056326628
1361,2026-09-23,29.904020816087726
1362,2026-09-24,30.006120501458646
1363,2026-09-25,30.105815573036672
1364,2026-09-26,30.203060665726664
1365,2026-09-27,30.297817271947864
1366,2026-09-28,30.390050312876703
1367,2026-09-29,30.479727874696255
1368,2026-09-30,30.566824109852316
1369,2026-10-01,30.651314753293992
1370,2026-10-02,30.733180287480355
1371,2026-10-03,30.812406206130984
1372,2026-10-04,30.88898116797209
1373,2026-10-05,30.962898579239848
1374,2026-10-06,31.034153164923193
1375,2026-10-07,31.102749145030977
1376,2026-10-08,31.16868889331818
1377,2026-10-09,31.2319813773036
1378,2026-10-10,31.2926392570138
1379,2026-10-11,31.350678884983065
1380,2026-10-12,31.40612057000399
1381,2026-10-13,31.458987522125245
1382,2026-10-14,31.509308226406578
1383,2026-10-15,31.557112486660483
1384,2026-10-16,31.60243617296219
1385,2026-10-17,31.645316737890244
1386,2026-10-18,31.685795326530936
1387,2026-10-19,31.723917831480506
1388,2026-10-20,31.759731727838517
1389,2026-10-21,31.793288710713387
1390,2026-10-22,31.82464284896851
1391,2026-10-23,31.85385164022446
1392,2026-10-24,31.880975219607354
1393,2026-10-25,31.90607635974884
1394,2026-10-26,31.929220998287203
1395,2026-10-27,31.95047771036625
1396,2026-10-28,31.969917181134225
1397,2026-10-29,31.987610623240474
1398,2026-10-30,32.00363610684872
1399,2026-10-31,32.018070119619374
1400,2026-11-01,32.03099125921727
1401,2026-11-02,32.04248181581497
1402,2026-11-03,32.05262407958508
1403,2026-11-04,32.06150350570679
1404,2026-11-05,32.06920607686043
1405,2026-11-06,32.07581935822964
1406,2026-11-07,32.08143091499806
1407,2026-11-08,32.08613253235817
1408,2026-11-09,32.09001283049584
1409,2026-11-10,32.09316623210907
1410,2026-11-11,32.09568241238594
1411,2026-11-12,32.09765579402447
1412,2026-11-13,32.09917921721935
1413,2026-11-14,32.100346049666406
1414,2026-11-15,32.10125018656254
1415,2026-11-16,32.101984995603566
1416,2026-11-17,32.102643844485286
1417,2026-11-18,32.103321155905725
1418,2026-11-19,32.10410766005516
1419,2026-11-20,32.10509777963161
1420,2026-11-21,32.10638171732426
1421,2026-11-22,32.108050203323366
1422,2026-11-23,32.110192912817006
1423,2026-11-24,32.11289846599102
1424,2026-11-25,32.116255483031274
1425,2026-11-26,32.12034730911255
1426,2026-11-27,32.12526045441628
1427,2026-11-28,32.13107720911503
1428,2026-11-29,32.13787880837918
1429,2026-11-30,32.14574384987355
1430,2026-12-01,32.154750931262974
1431,2026-12-02,32.16497232019901
1432,2026-12-03,32.17648397684098
1433,2026-12-04,32.18935447633267
1434,2026-12-05,32.203652393817904
1435,2026-12-06,32.21944366693497
1436,2026-12-07,32.236791068315505
1437,2026-12-08,32.25575367808342
1438,2026-12-09,32.27639004886151
1439,2026-12-10,32.298753458261494
1440,2026-12-11,32.32289560139179
1441,2026-12-12,32.34886500835419
1442,2026-12-13,32.37670546174049
1443,2026-12-14,32.40645968914032
1444,2026-12-15,32.43816567063332
1445,2026-12-16,32.47185769379139
1446,2026-12-17,32.50756846368313
1447,2026-12-18,32.54532488286495
1448,2026-12-19,32.58515121638775
1449,2026-12-20,32.62706803679466
1450,2026-12-21,32.671092751622204
1451,2026-12-22,32.71723854839802
1452,2026-12-23,32.765514394640924
1453,2026-12-24,32.81592662036419
1454,2026-12-25,32.868477335572244
1455,2026-12-26,32.923163902759555
1456,2026-12-27,32.979979464411734
1457,2026-12-28,33.0389161080122
1458,2026-12-29,33.09995959103107
1459,2026-12-30,33.16309197843075
1460,2026-12-31,33.22829322516918
1461,2027-01-01,33.29553642868996
1462,2027-01-02,33.36479310393334
1463,2027-01-03,33.43603107333183
1464,2027-01-04,33.50921288430691
1465,2027-01-05,33.5842995017767
1466,2027-01-06,33.66124397814274
1467,2027-01-07,33.74000042080879
1468,2027-01-08,33.820517134666446
1469,2027-01-09,33.902739259600644
1470,2027-01-10,33.98660718798637
1471,2027-01-11,34.072058147192
1472,2027-01-12,34.15902725458145
1473,2027-01-13,34.24744540750981
1474,2027-01-14,34.33724086582661
1475,2027-01-15,34.428336614370345
1476,2027-01-16,34.52065563797951
1477,2027-01-17,34.6141140639782
1478,2027-01-18,34.708628019690515
1479,2027-01-19,34.80410993993282
1480,2027-01-20,34.90047067701817
1481,2027-01-21,34.997613698244095
1482,2027-01-22,35.09544616341591
1483,2027-01-23,35.19386890232563
1484,2027-01-24,35.292782217264175
1485,2027-01-25,35.392081663012505
1486,2027-01-26,35.49166279435158
1487,2027-01-27,35.591419583559045
1488,2027-01-28,35.69124125540257
1489,2027-01-29,35.791020199656494
1490,2027-01-30,35.89064036607743
1491,2027-01-31,35.98999045193196
1492,2027-02-01,36.088954406976704
1493,2027-02-02,36.1874167084694
1494,2027-02-03,36.2852565586567
1495,2027-02-04,36.38236001729966
1496,2027-02-05,36.478604704141624
1497,2027-02-06,36.57387140393258
1498,2027-02-07,36.66804090142251
1499,2027-02-08,36.76098976135255
