,date,max_temp
0,2019-01-01,26.4
1,2019-01-02,28.7
2,2019-01-03,32.3
3,2019-01-04,40.7
4,2019-01-05,40.5
5,2019-01-06,41.1
6,2019-01-07,30.4
7,2019-01-08,35.2
8,2019-01-09,32.9
9,2019-01-10,33.0
10,2019-01-11,30.4
11,2019-01-12,32.5
12,2019-01-13,28.2
13,2019-01-14,29.6
14,2019-01-15,30.9
15,2019-01-16,29.6
16,2019-01-17,28.8
17,2019-01-18,30.1
18,2019-01-19,30.8
19,2019-01-20,30.1
20,2019-01-21,31.5
21,2019-01-22,30.6
22,2019-01-23,29.6
23,2019-01-24,29.2
24,2019-01-25,29.6
25,2019-01-26,28.3
26,2019-01-27,27.3
27,2019-01-28,21.5
28,2019-01-29,23.9
29,2019-01-30,24.5
30,2019-01-31,25.7
31,2019-02-01,30.3
32,2019-02-02,29.5
33,2019-02-03,33.8
34,2019-02-04,39.7
35,2019-02-05,39.7
36,2019-02-06,37.9
37,2019-02-07,30.4
38,2019-02-08,31.7
39,2019-02-09,30.8
40,2019-02-10,35.1
41,2019-02-11,33.1
42,2019-02-12,31.7
43,2019-02-13,31.0
44,2019-02-14,33.3
45,2019-02-15,32.9
46,2019-02-16,33.3
47,2019-02-17,33.4
48,2019-02-18,32.4
49,2019-02-19,33.7
50,2019-02-20,33.8
51,2019-02-21,32.4
52,2019-02-22,34.2
53,2019-02-23,37.5
54,2019-02-24,37.3
55,2019-02-25,37.4
56,2019-02-26,37.6
57,2019-02-27,33.3
58,2019-02-28,32.9
59,2019-03-01,31.6
60,2019-03-02,30.1
61,2019-03-03,33.5
62,2019-03-04,38.3
63,2019-03-05,41.3
64,2019-03-06,43.4
65,2019-03-07,31.5
66,2019-03-08,25.2
67,2019-03-09,30.2
68,2019-03-10,33.5
69,2019-03-11,33.1
70,2019-03-12,27.6
71,2019-03-13,36.5
72,2019-03-14,37.3
73,2019-03-15,37.6
74,2019-03-16,37.2
75,2019-03-17,35.6
76,2019-03-18,36.5
77,2019-03-19,33.8
78,2019-03-20,36.9
79,2019-03-21,35.4
80,2019-03-22,35.8
81,2019-03-23,37.0
82,2019-03-24,38.0
83,2019-03-25,38.0
84,2019-03-26,37.8
85,2019-03-27,37.4
86,2019-03-28,38.1
87,2019-03-29,38.2
88,2019-03-30,39.0
89,2019-03-31,39.2
90,2019-04-01,30.9
91,2019-04-02,31.5
92,2019-04-03,34.2
93,2019-04-04,37.8
94,2019-04-05,39.1
95,2019-04-06,41.1
96,2019-04-07,32.8
97,2019-04-08,30.4
98,2019-04-09,30.1
99,2019-04-10,34.4
100,2019-04-11,31.8
101,2019-04-12,32.6
102,2019-04-13,41.0
103,2019-04-14,39.8
104,2019-04-15,40.4
105,2019-04-16,40.0
106,2019-04-17,39.4
107,2019-04-18,37.4
108,2019-04-19,37.8
109,2019-04-20,38.0
110,2019-04-21,36.8
111,2019-04-22,38.3
112,2019-04-23,38.1
113,2019-04-24,38.8
114,2019-04-25,39.9
115,2019-04-26,40.5
116,2019-04-27,41.1
117,2019-04-28,42.4
118,2019-04-29,40.2
119,2019-04-30,41.4
120,2019-05-01,31.0
121,2019-05-02,31.6
122,2019-05-03,36.8
123,2019-05-04,37.6
124,2019-05-05,41.0
125,2019-05-06,39.7
126,2019-05-07,35.4
127,2019-05-08,31.3
128,2019-05-09,32.6
129,2019-05-10,33.3
130,2019-05-11,32.3
131,2019-05-12,30.4
132,2019-05-13,38.0
133,2019-05-14,40.8
134,2019-05-15,39.7
135,2019-05-16,39.4
136,2019-05-17,41.0
137,2019-05-18,41.0
138,2019-05-19,42.4
139,2019-05-20,41.9
140,2019-05-21,41.2
141,2019-05-22,40.7
142,2019-05-23,41.7
143,2019-05-24,40.6
144,2019-05-25,42.3
145,2019-05-26,43.4
146,2019-05-27,45.1
147,2019-05-28,44.0
148,2019-05-29,44.0
149,2019-05-30,42.4
150,2019-05-31,38.6
151,2019-06-01,29.3
152,2019-06-02,32.3
153,2019-06-03,33.5
154,2019-06-04,38.0
155,2019-06-05,40.8
156,2019-06-06,42.9
157,2019-06-07,32.3
158,2019-06-08,33.1
159,2019-06-09,33.8
160,2019-06-10,35.3
161,2019-06-11,32.6
162,2019-06-12,29.95
163,2019-06-13,41.7
164,2019-06-14,40.3
165,2019-06-15,39.9
166,2019-06-16,41.5
167,2019-06-17,40.5
168,2019-06-18,37.6
169,2019-06-19,39.4
170,2019-06-20,40.1
171,2019-06-21,39.2
172,2019-06-22,34.5
173,2019-06-23,35.2
174,2019-06-24,32.3
175,2019-06-25,37.3
176,2019-06-26,37.9
177,2019-06-27,38.0
178,2019-06-28,37.9
179,2019-06-29,36.2
180,2019-06-30,32.5
181,2019-07-01,27.9
182,2019-07-02,31.0
183,2019-07-03,33.5
184,2019-07-04,38.5
185,2019-07-05,42.4
186,2019-07-06,41.1
187,2019-07-07,33.9
188,2019-07-08,26.5
189,2019-07-09,30.3
190,2019-07-10,34.8
191,2019-07-11,32.7
192,2019-07-12,29.65
193,2019-07-13,35.8
194,2019-07-14,35.6
195,2019-07-15,35.1
196,2019-07-16,35.7
197,2019-07-17,36.5
198,2019-07-18,37.9
199,2019-07-19,37.6
200,2019-07-20,36.6
201,2019-07-21,32.6
202,2019-07-22,35.3
203,2019-07-23,36.1
204,2019-07-24,35.5
205,2019-07-25,36.9
206,2019-07-26,35.1
207,2019-07-27,27.3
208,2019-07-28,29.4
209,2019-07-29,27.4
210,2019-07-30,27.8
211,2019-07-31,31.4
212,2019-08-01,28.5
213,2019-08-02,30.3
214,2019-08-03,35.3
215,2019-08-04,40.2
216,2019-08-05,42.4
217,2019-08-06,40.6
218,2019-08-07,35.7
219,2019-08-08,27.0
220,2019-08-09,30.9
221,2019-08-10,33.7
222,2019-08-11,32.3
223,2019-08-12,30.8
224,2019-08-13,33.0
225,2019-08-14,30.7
226,2019-08-15,32.5
227,2019-08-16,34.4
228,2019-08-17,34.6
229,2019-08-18,33.4
230,2019-08-19,29.7
231,2019-08-20,33.9
232,2019-08-21,32.8
233,2019-08-22,35.2
234,2019-08-23,33.3
235,2019-08-24,29.4
236,2019-08-25,33.7
237,2019-08-26,35.0
238,2019-08-27,34.5
239,2019-08-28,34.6
240,2019-08-29,34.5
241,2019-08-30,35.2
242,2019-08-31,34.0
243,2019-09-01,27.1
244,2019-09-02,29.1
245,2019-09-03,36.5
246,2019-09-04,38.2
247,2019-09-05,41.9
248,2019-09-06,38.3
249,2019-09-07,35.2
250,2019-09-08,31.4
251,2019-09-09,33.3
252,2019-09-10,35.2
253,2019-09-11,31.5
254,2019-09-12,30.85
255,2019-09-13,30.3
256,2019-09-14,35.6
257,2019-09-15,33.55
258,2019-09-16,33.2
259,2019-09-17,33.1
260,2019-09-18,33.5
261,2019-09-19,32.9
262,2019-09-20,33.5
263,2019-09-21,33.5
264,2019-09-22,33.4
265,2019-09-23,33.6
266,2019-09-24,33.1
267,2019-09-25,32.6
268,2019-09-26,32.6
269,2019-09-27,30.55
270,2019-09-28,32.75
271,2019-09-29,35.1
272,2019-09-30,35.9
273,2019-10-01,28.5
274,2019-10-02,27.7
275,2019-10-03,34.7
276,2019-10-04,37.8
277,2019-10-05,42.0
278,2019-10-06,41.8
279,2019-10-07,34.2
280,2019-10-08,32.3
281,2019-10-10,33.6
282,2019-10-11,30.4
283,2019-10-12,31.45
284,2019-10-13,33.8
285,2019-10-14,32.8
286,2019-10-15,32.6
287,2019-10-16,32.0
288,2019-10-17,29.7
289,2019-10-18,33.3
290,2019-10-19,32.6
291,2019-10-20,32.3
292,2019-10-21,33.8
293,2019-10-22,33.2
294,2019-10-23,31.6
295,2019-10-24,31.7
296,2019-10-25,31.9
297,2019-10-26,32.1
298,2019-10-27,32.8
299,2019-10-28,32.8
300,2019-10-29,33.1
301,2019-10-30,32.9
302,2019-10-31,32.3
303,2019-11-01,30.7
304,2019-11-02,29.1
305,2019-11-03,36.2
306,2019-11-04,40.6
307,2019-11-05,43.0
308,2019-11-06,41.3
309,2019-11-07,35.5
310,2019-11-08,34.2
311,2019-11-09,34.5
312,2019-11-10,34.2
313,2019-11-11,32.0
314,2019-11-12,31.7
315,2019-11-13,32.2
316,2019-11-14,31.7
317,2019-11-15,31.6
318,2019-11-16,31.8
319,2019-11-17,32.4
320,2019-11-18,31.8
321,2019-11-19,32.3
322,2019-11-20,32.3
323,2019-11-21,31.9
324,2019-11-22,31.9
325,2019-11-23,31.7
326,2019-11-24,32.0
327,2019-11-25,32.2
328,2019-11-26,31.9
329,2019-11-27,32.0
330,2019-11-28,31.8
331,2019-11-29,31.4
332,2019-11-30,32.0
333,2019-12-01,28.4
334,2019-12-02,31.4
335,2019-12-03,36.6
336,2019-12-04,40.7
337,2019-12-05,41.0
338,2019-12-06,40.9
339,2019-12-07,35.5
340,2019-12-08,33.1
341,2019-12-09,35.2
342,2019-12-10,35.0
343,2019-12-11,32.7
344,2019-12-12,31.9
345,2019-12-13,30.35
346,2019-12-14,30.25
347,2019-12-15,31.75
348,2019-12-16,30.75
349,2019-12-17,31.75
350,2019-12-18,31.25
351,2019-12-19,30.05
352,2019-12-20,29.85
353,2019-12-21,29.8
354,2019-12-22,30.8
355,2019-12-23,30.85
356,2019-12-24,27.8
357,2019-12-25,29.7
358,2019-12-26,30.15
359,2019-12-27,27.6
360,2019-12-28,28.4
361,2019-12-29,27.65
362,2019-12-30,27.75
363,2019-12-31,29.2
364,2020-01-01,27.0
365,2020-01-02,31.0
366,2020-01-03,32.3
367,2020-01-04,37.8
368,2020-01-05,39.1
369,2020-01-06,37.8
370,2020-01-07,37.25
371,2020-01-08,35.75
372,2020-01-09,35.5
373,2020-01-13,28.8
374,2020-01-14,30.1
375,2020-01-15,30.2
376,2020-01-16,29.7
377,2020-01-17,29.3
378,2020-01-18,30.0
379,2020-01-19,30.3
380,2020-01-20,30.1
381,2020-01-21,31.4
382,2020-01-22,30.3
383,2020-01-23,32.2
384,2020-01-24,32.0
385,2020-01-25,32.6
386,2020-01-26,32.9
387,2020-01-27,32.5
388,2020-01-28,33.4
389,2020-01-29,32.2
390,2020-01-30,32.2
391,2020-01-31,29.4
392,2020-02-01,30.0
393,2020-02-02,31.4
394,2020-02-03,32.6
395,2020-02-04,38.5
396,2020-02-05,38.8
397,2020-02-06,37.4
398,2020-02-07,36.2
399,2020-02-08,33.1
400,2020-02-09,33.9
401,2020-02-13,31.8
402,2020-02-14,31.1
403,2020-02-15,32.4
404,2020-02-16,33.4
405,2020-02-17,34.1
406,2020-02-18,33.6
407,2020-02-19,32.9
408,2020-02-20,32.2
409,2020-02-21,31.6
410,2020-02-22,32.0
411,2020-02-23,32.5
412,2020-02-24,32.5
413,2020-02-25,32.9
414,2020-02-26,32.2
415,2020-02-27,31.8
416,2020-02-28,32.6
417,2020-02-29,32.4
418,2020-03-01,29.6
419,2020-03-02,30.6
420,2020-03-03,32.4
421,2020-03-04,38.6
422,2020-03-05,38.6
423,2020-03-06,38.1
424,2020-03-07,35.6
425,2020-03-08,35.35
426,2020-03-09,32.6
427,2020-03-13,32.8
428,2020-03-14,33.4
429,2020-03-15,32.9
430,2020-03-16,34.2
431,2020-03-17,34.8
432,2020-03-18,35.3
433,2020-03-19,36.3
434,2020-03-20,35.9
435,2020-03-21,35.3
436,2020-03-22,34.6
437,2020-03-23,34.9
438,2020-03-24,34.8
439,2020-03-25,36.5
440,2020-03-26,35.4
441,2020-03-27,35.5
442,2020-03-28,36.1
443,2020-03-29,37.5
444,2020-03-30,37.9
445,2020-03-31,36.0
446,2020-04-01,27.8
447,2020-04-02,30.6
448,2020-04-03,32.7
449,2020-04-04,32.9
450,2020-04-05,41.0
451,2020-04-06,36.5
452,2020-04-07,32.75
453,2020-04-08,33.05
454,2020-04-09,35.9
455,2020-04-13,39.1
456,2020-04-14,38.2
457,2020-04-15,38.9
458,2020-04-16,37.8
459,2020-04-17,38.5
460,2020-04-18,38.5
461,2020-04-19,38.0
462,2020-04-20,35.4
463,2020-04-21,38.0
464,2020-04-22,37.8
465,2020-04-23,38.5
466,2020-04-24,39.1
467,2020-04-25,39.1
468,2020-04-26,38.3
469,2020-04-27,37.7
470,2020-04-28,37.9
471,2020-04-29,37.8
472,2020-04-30,37.5
473,2020-05-01,26.6
474,2020-05-02,32.5
475,2020-05-03,35.1
476,2020-05-04,35.5
477,2020-05-05,40.0
478,2020-05-06,35.5
479,2020-05-07,33.2
480,2020-05-08,30.55
481,2020-05-09,35.7
482,2020-05-13,39.2
483,2020-05-14,38.7
484,2020-05-15,39.1
485,2020-05-16,39.0
486,2020-05-17,39.3
487,2020-05-18,39.1
488,2020-05-19,40.8
489,2020-05-20,38.6
490,2020-05-21,41.4
491,2020-05-22,42.0
492,2020-05-23,42.6
493,2020-05-24,43.2
494,2020-05-25,41.8
495,2020-05-26,42.3
496,2020-05-27,41.5
497,2020-05-28,41.6
498,2020-05-29,42.4
499,2020-05-30,42.1
500,2020-05-31,37.1
501,2020-06-01,27.9
502,2020-06-02,33.3
503,2020-06-03,32.5
504,2020-06-04,35.4
505,2020-06-05,39.3
506,2020-06-06,37.8
507,2020-06-07,30.55
508,2020-06-08,32.3
509,2020-06-09,35.7
510,2020-06-13,32.8
511,2020-06-14,36.0
512,2020-06-15,35.5
513,2020-06-16,35.5
514,2020-06-17,35.9
515,2020-06-18,33.4
516,2020-06-19,35.8
517,2020-06-20,35.9
518,2020-06-21,35.3
519,2020-06-22,33.4
520,2020-06-23,33.1
521,2020-06-24,35.5
522,2020-06-25,37.9
523,2020-06-26,37.9
524,2020-06-27,36.4
525,2020-06-28,37.6
526,2020-06-29,37.4
527,2020-06-30,36.6
528,2020-07-01,29.9
529,2020-07-02,32.8
530,2020-07-03,32.4
531,2020-07-04,36.7
532,2020-07-05,38.8
533,2020-07-06,39.5
534,2020-07-07,32.95
535,2020-07-08,33.15
536,2020-07-09,35.8
537,2020-07-13,33.95
538,2020-07-14,32.4
539,2020-07-15,32.75
540,2020-07-16,32.5
541,2020-07-17,30.45
542,2020-07-18,34.25
543,2020-07-19,35.15
544,2020-07-20,33.9
545,2020-07-21,35.55
546,2020-07-22,35.7
547,2020-07-23,33.9
548,2020-07-24,30.1
549,2020-07-25,34.05
550,2020-07-26,32.7
551,2020-07-27,35.7
552,2020-07-28,35.65
553,2020-07-29,35.4
554,2020-07-30,34.45
555,2020-07-31,36.15
556,2020-08-01,29.5
557,2020-08-02,31.2
558,2020-08-03,30.8
559,2020-08-04,37.6
560,2020-08-05,38.7
561,2020-08-06,37.8
562,2020-08-07,35.2
563,2020-08-08,36.1
564,2020-08-09,35.8
565,2020-08-13,28.0
566,2020-08-14,26.25
567,2020-08-15,25.6
568,2020-08-16,26.5
569,2020-08-17,27.15
570,2020-08-18,30.35
571,2020-08-19,33.25
572,2020-08-20,28.15
573,2020-08-21,27.55
574,2020-08-22,31.45
575,2020-08-23,32.9
576,2020-08-24,34.1
577,2020-08-25,35.25
578,2020-08-26,34.2
579,2020-08-27,31.8
580,2020-08-28,30.15
581,2020-08-29,33.5
582,2020-08-30,34.45
583,2020-08-31,35.4
584,2020-09-01,27.4
585,2020-09-02,30.4
586,2020-09-03,32.7
587,2020-09-04,37.9
588,2020-09-05,38.8
589,2020-09-06,39.3
590,2020-09-07,35.3
591,2020-09-08,32.8
592,2020-09-09,36.8
593,2020-09-13,33.8
594,2020-09-14,31.1
595,2020-09-15,32.7
596,2020-09-16,33.0
597,2020-09-17,30.5
598,2020-09-18,35.7
599,2020-09-19,34.1
600,2020-09-20,33.7
601,2020-09-21,33.8
602,2020-09-22,32.8
603,2020-09-23,33.0
604,2020-09-24,33.2
605,2020-09-25,35.3
606,2020-09-26,32.8
607,2020-09-27,29.9
608,2020-09-28,32.6
609,2020-09-29,34.2
610,2020-09-30,32.9
611,2020-10-01,33.2
612,2020-10-02,34.0
613,2020-10-03,34.5
614,2020-10-04,36.9
615,2020-10-05,34.1
616,2020-10-06,39.4
617,2020-10-07,35.6
618,2020-10-08,31.35
619,2020-10-09,35.5
620,2020-10-10,33.5
621,2020-10-11,33.0
622,2020-10-12,34.8
623,2020-10-13,32.3
624,2020-10-14,27.2
625,2020-10-15,30.4
626,2020-10-16,32.7
627,2020-10-17,33.0
628,2020-10-18,33.4
629,2020-10-19,35.3
630,2020-10-20,33.6
631,2020-10-21,33.3
632,2020-10-22,32.7
633,2020-10-23,33.3
634,2020-10-24,33.8
635,2020-10-25,35.9
636,2020-10-26,35.8
637,2020-10-27,33.8
638,2020-10-28,33.6
639,2020-10-29,34.1
640,2020-10-30,36.1
641,2020-10-31,33.5
642,2020-11-01,27.3
643,2020-11-02,28.1
644,2020-11-03,35.5
645,2020-11-04,37.0
646,2020-11-05,37.5
647,2020-11-06,37.9
648,2020-11-07,32.95
649,2020-11-08,35.6
650,2020-11-09,35.4
651,2020-11-10,30.9
652,2020-11-11,32.2
653,2020-11-12,33.1
654,2020-11-13,34.3
655,2020-11-14,35.9
656,2020-11-15,35.9
657,2020-11-16,35.8
658,2020-11-17,35.2
659,2020-11-18,35.2
660,2020-11-19,33.3
661,2020-11-20,35.5
662,2020-11-21,33.8
663,2020-11-22,35.3
664,2020-11-23,33.4
665,2020-11-24,33.1
666,2020-11-25,30.8
667,2020-11-26,33.4
668,2020-11-27,28.2
669,2020-11-28,24.8
670,2020-11-29,30.7
671,2020-11-30,34.5
672,2020-12-01,30.2
673,2020-12-02,31.3
674,2020-12-03,32.8
675,2020-12-04,32.5
676,2020-12-05,33.1
677,2020-12-06,34.8
678,2020-12-07,35.35
679,2020-12-08,32.8
680,2020-12-09,35.5
681,2020-12-10,35.6
682,2020-12-11,35.4
683,2020-12-12,35.0
684,2020-12-13,32.5
685,2020-12-14,33.0
686,2020-12-15,34.9
687,2020-12-16,32.8
688,2020-12-17,33.1
689,2020-12-18,34.1
690,2020-12-19,32.9
691,2020-12-20,32.6
692,2020-12-21,30.8
693,2020-12-22,29.1
694,2020-12-23,29.8
695,2020-12-24,31.1
696,2020-12-25,30.7
697,2020-12-26,29.4
698,2020-12-27,30.7
699,2020-12-28,31.5
700,2020-12-29,31.6
701,2020-12-30,31.4
702,2020-12-31,29.9
703,2021-01-04,38.8
704,2021-01-05,38.8
705,2021-01-06,40.3
706,2021-01-07,37.3
707,2021-01-08,33.0
708,2021-01-09,29.9
709,2021-01-10,33.1
710,2021-01-11,35.2
711,2021-02-04,37.9
712,2021-02-05,36.5
713,2021-02-06,38.5
714,2021-02-07,32.4
715,2021-02-08,32.9
716,2021-02-09,29.4
717,2021-02-10,33.6
718,2021-02-11,34.4
719,2021-03-04,39.1
720,2021-03-05,37.4
721,2021-03-06,36.2
722,2021-03-07,29.9
723,2021-03-08,33.2
724,2021-03-09,33.2
725,2021-03-10,33.7
726,2021-03-11,33.2
727,2021-04-04,37.8
728,2021-04-05,37.8
729,2021-04-06,30.3
730,2021-04-07,33.7
731,2021-04-08,32.9
732,2021-04-09,32.6
733,2021-04-10,33.5
734,2021-04-11,31.5
735,2021-04-13,36.8
736,2021-04-14,38.0
737,2021-04-15,32.1
738,2021-04-16,35.1
739,2021-04-17,37.0
740,2021-04-18,38.0
741,2021-04-19,37.6
742,2021-04-20,40.1
743,2021-04-21,38.2
744,2021-04-22,38.2
745,2021-04-23,37.0
746,2021-04-24,38.2
747,2021-04-25,39.5
748,2021-04-26,39.6
749,2021-04-27,39.4
750,2021-04-28,39.9
751,2021-04-29,39.4
752,2021-04-30,39.4
753,2021-05-04,36.8
754,2021-05-05,38.5
755,2021-05-06,35.8
756,2021-05-07,35.7
757,2021-05-08,33.9
758,2021-05-09,32.7
759,2021-05-10,33.7
760,2021-05-11,35.1
761,2021-05-13,38.8
762,2021-05-14,39.4
763,2021-05-15,37.3
764,2021-05-16,37.4
765,2021-05-17,34.2
766,2021-05-18,36.8
767,2021-05-19,37.7
768,2021-05-20,37.5
769,2021-05-21,37.4
770,2021-05-22,38.8
771,2021-05-23,38.7
772,2021-05-24,41.4
773,2021-05-25,41.4
774,2021-05-26,39.5
775,2021-05-27,40.0
776,2021-05-28,41.3
777,2021-05-29,39.4
778,2021-05-30,42.4
779,2021-05-31,39.9
780,2021-06-04,37.2
781,2021-06-05,39.4
782,2021-06-06,35.1
783,2021-06-07,34.7
784,2021-06-08,33.3
785,2021-06-09,31.5
786,2021-06-10,32.8
787,2021-06-11,34.7
788,2021-06-13,32.8
789,2021-06-14,35.2
790,2021-06-15,32.2
791,2021-06-16,32.4
792,2021-06-17,35.0
793,2021-06-18,31.7
794,2021-06-19,34.2
795,2021-06-20,32.9
796,2021-06-21,35.1
797,2021-06-22,36.3
798,2021-06-23,34.7
799,2021-06-24,30.4
800,2021-06-25,30.7
801,2021-06-26,33.6
802,2021-06-27,34.5
803,2021-06-28,32.8
804,2021-06-29,33.7
805,2021-06-30,34.6
806,2021-07-04,35.7
807,2021-07-05,37.3
808,2021-07-06,37.2
809,2021-07-07,35.5
810,2021-07-08,32.9
811,2021-07-09,27.8
812,2021-07-10,33.2
813,2021-07-11,32.4
814,2021-07-13,30.3
815,2021-07-14,30.9
816,2021-07-15,30.1
817,2021-07-16,31.1
818,2021-07-17,32.7
819,2021-07-18,34.5
820,2021-07-19,35.7
821,2021-07-20,33.2
822,2021-07-21,32.7
823,2021-07-22,25.1
824,2021-07-23,24.4
825,2021-07-24,30.6
826,2021-07-25,33.0
827,2021-07-26,33.4
828,2021-07-27,33.9
829,2021-07-28,33.8
830,2021-07-29,32.8
831,2021-07-30,31.2
832,2021-07-31,31.4
833,2021-08-04,37.4
834,2021-08-05,37.7
835,2021-08-06,36.9
836,2021-08-07,35.6
837,2021-08-08,33.9
838,2021-08-09,29.8
839,2021-08-10,33.6
840,2021-08-11,32.4
841,2021-08-13,34.4
842,2021-08-14,32.6
843,2021-08-15,33.0
844,2021-08-16,32.9
845,2021-08-17,29.8
846,2021-08-18,30.2
847,2021-08-19,29.6
848,2021-08-20,30.4
849,2021-08-21,30.5
850,2021-08-22,30.9
851,2021-08-23,33.3
852,2021-08-24,33.8
853,2021-08-25,33.8
854,2021-08-26,34.6
855,2021-08-27,32.9
856,2021-08-28,33.8
857,2021-08-29,30.4
858,2021-08-30,30.9
859,2021-08-31,30.3
860,2021-09-04,37.9
861,2021-09-05,38.7
862,2021-09-06,38.4
863,2021-09-07,30.7
864,2021-09-08,34.4
865,2021-09-09,30.7
866,2021-09-10,33.9
867,2021-09-11,33.5
868,2021-09-13,32.8
869,2021-09-14,32.9
870,2021-09-15,32.9
871,2021-09-16,32.8
872,2021-09-17,33.9
873,2021-09-18,33.7
874,2021-09-19,31.0
875,2021-09-20,33.4
876,2021-09-21,31.7
877,2021-09-22,31.3
878,2021-09-23,33.0
879,2021-09-24,32.9
880,2021-09-25,33.0
881,2021-09-26,32.8
882,2021-09-27,32.7
883,2021-09-28,27.8
884,2021-09-29,30.7
885,2021-09-30,32.8
886,2021-10-04,35.7
887,2021-10-05,38.8
888,2021-10-06,30.7
889,2021-10-07,32.5
890,2021-10-08,35.0
891,2021-10-09,32.6
892,2021-10-10,34.3
893,2021-10-11,29.6
894,2021-10-13,33.1
895,2021-10-14,33.6
896,2021-10-15,33.7
897,2021-10-16,32.4
898,2021-10-17,30.6
899,2021-10-18,33.0
900,2021-10-19,33.5
901,2021-10-20,33.3
902,2021-10-21,32.7
903,2021-10-22,33.0
904,2021-10-23,32.8
905,2021-10-24,33.2
906,2021-10-25,33.1
907,2021-10-26,32.4
908,2021-10-27,34.2
909,2021-10-28,33.8
910,2021-10-29,33.8
911,2021-10-30,32.8
912,2021-10-31,33.9
913,2021-11-04,35.4
914,2021-11-05,39.6
915,2021-11-06,34.1
916,2021-11-07,32.7
917,2021-11-08,34.1
918,2021-11-09,32.6
919,2021-11-10,33.5
920,2021-11-11,32.8
921,2021-11-13,31.1
922,2021-11-14,31.9
923,2021-11-15,32.0
924,2021-11-16,31.1
925,2021-11-17,30.3
926,2021-11-18,32.5
927,2021-11-19,29.7
928,2021-11-20,29.8
929,2021-11-21,30.3
930,2021-11-22,32.8
931,2021-11-23,33.1
932,2021-11-24,32.5
933,2021-11-25,33.2
934,2021-11-26,32.2
935,2021-11-27,31.5
936,2021-11-28,31.7
937,2021-11-29,30.4
938,2021-11-30,29.1
939,2021-12-01,31.7
940,2021-12-02,31.7
941,2021-12-03,31.7
942,2021-12-04,37.0
943,2021-12-05,31.0
944,2021-12-06,32.0
945,2021-12-07,31.7
946,2021-12-08,33.0
947,2021-12-09,30.7
948,2021-12-10,32.9
949,2021-12-11,30.6
950,2021-12-12,31.3
951,2021-12-13,32.0
952,2021-12-14,31.5
953,2021-12-15,30.3
954,2021-12-16,28.2
955,2021-12-17,28.7
956,2021-12-18,28.7
957,2021-12-19,28.6
958,2021-12-20,28.8
959,2021-12-21,28.7
960,2021-12-22,27.8
961,2021-12-23,29.4
962,2021-12-24,32.6
963,2021-12-25,31.0
964,2021-12-26,31.5
965,2021-12-27,29.5
966,2021-12-28,27.2
967,2021-12-29,29.5
968,2021-12-30,29.6
969,2021-12-31,28.8
970,2022-01-01,29.2
971,2022-01-02,30.5
972,2022-01-03,30.6
973,2022-01-04,30.4
974,2022-01-05,29.7
975,2022-01-06,30.1
976,2022-01-07,29.7
977,2022-01-08,28.5
978,2022-01-09,29.1
979,2022-01-10,28.1
980,2022-01-11,28.0
981,2022-01-12,28.6
982,2022-01-13,26.7
983,2022-01-14,26.2
984,2022-01-15,29.4
985,2022-01-16,27.1
986,2022-01-17,23.8
987,2022-01-18,28.6
988,2022-01-19,29.3
989,2022-01-20,28.1
990,2022-01-21,31.2
991,2022-01-22,30.5
992,2022-01-23,31.3
993,2022-01-24,30.4
994,2022-01-25,25.9
995,2022-01-26,27.4
996,2022-01-27,28.2
997,2022-01-28,26.5
998,2022-01-29,26.0
999,2022-01-30,27.0
1000,2022-01-31,29.2
1001,2022-02-01,36.8
1002,2022-02-02,36.5
1003,2022-02-03,36.6
1004,2022-02-04,36.1
1005,2022-02-05,34.5
1006,2022-02-06,35.8
1007,2022-02-07,36.9
1008,2022-02-08,36.3
1009,2022-02-09,36.5
1010,2022-02-10,34.6
1011,2022-02-11,34.7
1012,2022-02-12,36.5
1013,2022-02-13,36.2
1014,2022-02-14,36.4
1015,2022-02-15,36.3
1016,2022-02-16,35.1
1017,2022-02-17,36.4
1018,2022-02-18,36.1
1019,2022-02-19,36.5
1020,2022-02-20,37.2
1021,2022-02-21,37.2
1022,2022-02-22,39.2
1023,2022-02-23,38.7
1024,2022-02-24,37.4
1025,2022-02-25,38.2
1026,2022-02-26,38.3
1027,2022-02-27,38.0
1028,2022-02-28,38.7
1029,2022-03-01,33.1
1030,2022-03-02,34.9
1031,2022-03-03,34.3
1032,2022-03-04,33.6
1033,2022-03-05,34.9
1034,2022-03-06,32.7
1035,2022-03-07,34.4
1036,2022-03-08,34.4
1037,2022-03-09,34.7
1038,2022-03-10,34.8
1039,2022-03-11,33.8
1040,2022-03-12,35.2
1041,2022-03-13,33.3
1042,2022-03-14,34.9
1043,2022-03-15,34.9
1044,2022-03-16,36.0
1045,2022-03-17,36.8
1046,2022-03-18,38.1
1047,2022-03-19,33.8
1048,2022-03-20,33.6
1049,2022-03-21,36.3
1050,2022-03-22,34.9
1051,2022-03-23,36.3
1052,2022-03-24,36.7
1053,2022-03-25,33.6
1054,2022-03-26,33.9
1055,2022-03-27,34.1
1056,2022-03-28,36.9
1057,2022-03-29,38.2
1058,2022-03-30,38.7
1059,2022-03-31,39.9
1060,2022-04-01,36.8
1061,2022-04-02,33.3
1062,2022-04-03,33.3
1063,2022-04-04,36.3
1064,2022-04-05,34.7
1065,2022-04-06,34.1
1066,2022-04-07,35.3
1067,2022-04-08,35.1
1068,2022-04-09,34.3
1069,2022-04-10,35.8
1070,2022-04-11,35.6
1071,2022-04-12,36.1
1072,2022-04-13,36.0
1073,2022-04-14,35.2
1074,2022-04-15,37.1
1075,2022-04-16,38.3
1076,2022-04-17,37.1
1077,2022-04-18,38.7
1078,2022-04-19,39.6
1079,2022-04-20,39.9
1080,2022-04-21,41.9
1081,2022-04-22,36.7
1082,2022-04-23,36.3
1083,2022-04-24,38.1
1084,2022-04-25,38.7
1085,2022-04-26,40.2
1086,2022-04-27,40.9
1087,2022-04-28,40.4
1088,2022-04-29,39.7
1089,2022-04-30,40.4
1090,2022-05-01,42.0
1091,2022-05-02,41.2
1092,2022-05-03,40.7
1093,2022-05-04,37.7
1094,2022-05-05,34.1
1095,2022-05-06,38.7
1096,2022-05-07,40.9
1097,2022-05-08,40.0
1098,2022-05-09,39.6
1099,2022-05-10,39.8
1100,2022-05-11,38.9
1101,2022-05-12,33.0
1102,2022-05-13,35.3
1103,2022-05-14,38.6
1104,2022-05-15,40.8
1105,2022-05-16,39.3
1106,2022-05-17,38.0
1107,2022-05-18,36.6
1108,2022-05-19,39.8
1109,2022-05-20,39.5
1110,2022-05-21,38.1
1111,2022-05-22,36.6
1112,2022-05-23,39.6
1113,2022-05-24,39.3
1114,2022-05-25,40.2
1115,2022-05-26,37.6
1116,2022-05-27,41.3
1117,2022-05-28,39.2
1118,2022-05-29,40.8
1119,2022-05-30,39.8
1120,2022-05-31,40.2
1121,2022-06-01,38.7
1122,2022-06-02,39.0
1123,2022-06-03,41.6
1124,2022-06-04,40.3
1125,2022-06-05,42.2
1126,2022-06-06,40.6
1127,2022-06-07,37.3
1128,2022-06-08,42.2
1129,2022-06-09,37.9
1130,2022-06-10,40.2
1131,2022-06-11,39.6
1132,2022-06-12,38.0
1133,2022-06-13,36.0
1134,2022-06-14,34.7
1135,2022-06-15,38.1
1136,2022-06-16,36.2
1137,2022-06-17,33.0
1138,2022-06-18,33.7
1139,2022-06-19,35.2
1140,2022-06-20,34.9
1141,2022-06-21,34.5
1142,2022-06-22,31.1
1143,2022-06-23,33.0
1144,2022-06-24,34.7
1145,2022-06-25,32.8
1146,2022-06-26,32.4
1147,2022-06-27,30.3
1148,2022-06-28,32.3
1149,2022-06-29,31.0
1150,2022-06-30,34.0
1151,2022-07-01,33.3
1152,2022-07-02,33.3
1153,2022-07-03,32.9
1154,2022-07-04,32.9
1155,2022-07-05,30.7
1156,2022-07-06,32.9
1157,2022-07-07,30.6
1158,2022-07-08,32.6
1159,2022-07-09,26.5
1160,2022-07-10,25.8
1161,2022-07-11,25.7
1162,2022-07-12,25.5
1163,2022-07-13,24.0
1164,2022-07-14,25.1
1165,2022-07-15,26.9
1166,2022-07-16,32.3
1167,2022-07-17,32.8
1168,2022-07-18,27.3
1169,2022-07-19,31.8
1170,2022-07-20,32.9
1171,2022-07-21,32.8
1172,2022-07-22,29.8
1173,2022-07-23,29.5
1174,2022-07-24,27.0
1175,2022-07-25,30.6
1176,2022-07-26,31.5
1177,2022-07-27,30.0
1178,2022-07-28,33.8
1179,2022-07-29,34.0
1180,2022-07-30,32.9
1181,2022-07-31,32.3
1182,2022-08-01,34.7
1183,2022-08-02,33.0
1184,2022-08-03,32.7
1185,2022-08-04,32.9
1186,2022-08-05,32.1
1187,2022-08-06,31.5
1188,2022-08-07,32.9
1189,2022-08-08,27.6
1190,2022-08-09,27.9
1191,2022-08-10,26.9
1192,2022-08-11,30.4
1193,2022-08-12,30.9
1194,2022-08-13,32.2
1195,2022-08-14,31.9
1196,2022-08-15,26.1
1197,2022-08-16,28.6
1198,2022-08-17,33.0
1199,2022-08-18,33.4
1200,2022-08-19,32.9
1201,2022-08-20,31.5
1202,2022-08-21,32.8
1203,2022-08-22,32.9
1204,2022-08-23,32.7
1205,2022-08-24,33.0
1206,2022-08-25,32.9
1207,2022-08-26,32.8
1208,2022-08-27,33.0
1209,2022-08-28,32.7
1210,2022-08-29,33.0
1211,2022-08-30,32.8
1212,2022-08-31,32.9
1213,2022-09-01,32.8
1214,2022-09-02,32.8
1215,2022-09-03,33.6
1216,2022-09-04,34.0
1217,2022-09-05,29.2
1218,2022-09-06,32.9
1219,2022-09-07,32.9
1220,2022-09-08,33.0
1221,2022-09-09,30.5
1222,2022-09-10,31.3
1223,2022-09-11,28.8
1224,2022-09-12,25.6
1225,2022-09-13,30.5
1226,2022-09-14,31.5
1227,2022-09-15,32.2
1228,2022-09-16,32.6
1229,2022-09-17,32.9
1230,2022-09-18,32.7
1231,2022-09-19,32.7
1232,2022-09-20,31.0
1233,2022-09-21,28.6
1234,2022-09-22,31.2
1235,2022-09-23,31.7
1236,2022-09-24,31.4
1237,2022-09-25,31.7
1238,2022-09-26,32.7
1239,2022-09-27,32.2
1240,2022-09-28,31.5
1241,2022-09-29,32.5
1242,2022-09-30,30.8
1243,2022-10-01,30.8
1244,2022-10-02,32.7
1245,2022-10-03,32.6
1246,2022-10-04,32.7
1247,2022-10-05,29.7
1248,2022-10-06,32.4
1249,2022-10-07,31.8
1250,2022-10-08,30.4
1251,2022-10-09,32.9
1252,2022-10-10,32.4
1253,2022-10-11,30.0
1254,2022-10-12,31.8
1255,2022-10-13,32.9
1256,2022-10-14,32.7
1257,2022-10-15,31.9
1258,2022-10-16,30.1
1259,2022-10-17,31.2
1260,2022-10-18,33.2
1261,2022-10-19,31.2
1262,2022-10-20,32.0
1263,2022-10-21,32.6
1264,2022-10-22,31.3
1265,2022-10-23,30.1
1266,2022-10-24,30.4
1267,2022-10-25,30.4
1268,2022-10-26,31.2
1269,2022-10-27,32.2
1270,2022-10-28,31.2
1271,2022-10-29,30.7
1272,2022-10-30,30.6
1273,2022-10-31,31.0
1274,2022-11-05,31.8
1275,2022-11-21,27.4
1276,2022-11-23,32.0
1277,2022-11-25,31.9
1278,2022-12-01,31.9
1279,2022-12-02,32.8
1280,2022-12-03,32.1
1281,2022-12-04,32.4
1282,2022-12-05,31.0
1283,2022-12-06,31.6
1284,2022-12-07,30.7
1285,2022-12-08,28.6
1286,2022-12-09,28.5
1287,2022-12-10,26.7
1288,2022-12-11,28.6
1289,2022-12-12,30.2
1290,2022-12-13,29.9
1291,2022-12-14,32.8
1292,2022-12-15,33.0
1293,2022-12-16,33.0
1294,2022-12-17,32.8
1295,2022-12-18,32.2
1296,2022-12-19,30.2
1297,2022-12-20,30.1
1298,2022-12-21,31.3
1299,2022-12-22,32.5
1300,2022-12-23,31.7
1301,2022-12-24,31.2
1302,2022-12-25,31.3
1303,2022-12-26,32.0
1304,2022-12-27,30.7
1305,2022-12-28,32.5
1306,2022-12-29,33.2
1307,2022-12-30,33.0
1308,2022-12-31,33.0
